season_code,division,match_date,team,opponent,is_home,goals_for,goals_against,points,match_number,points_cumulative,points_last5,goals_for_avg_last5,goals_against_avg_last5
2425,E0,2024-08-17,Arsenal,Wolves,1,2,0,3,1,3,3,2.0,0.0
2425,E0,2024-08-24,Arsenal,Aston Villa,0,2,0,3,2,6,6,2.0,0.0
2425,E0,2024-08-31,Arsenal,Brighton,1,1,1,1,3,7,7,1.6666666666666667,0.3333333333333333
2425,E0,2024-09-15,Arsenal,Tottenham,0,1,0,3,4,10,10,1.5,0.25
2425,E0,2024-09-22,Arsenal,Man City,0,2,2,1,5,11,11,1.6,0.6
2425,E0,2024-09-28,Arsenal,Leicester,1,4,2,3,6,14,11,2.0,1.0
2425,E0,2024-10-05,Arsenal,Southampton,1,3,1,3,7,17,11,2.2,1.2
2425,E0,2024-10-19,Arsenal,Bournemouth,0,0,2,0,8,17,10,2.0,1.4
2425,E0,2024-10-27,Arsenal,Liverpool,1,2,2,1,9,18,8,2.2,1.8
2425,E0,2024-11-02,Arsenal,Newcastle,0,0,1,0,10,18,7,1.8,1.6
2425,E0,2024-11-10,Arsenal,Chelsea,0,1,1,1,11,19,5,1.2,1.4
2425,E0,2024-11-23,Arsenal,Nott'm Forest,1,3,0,3,12,22,5,1.2,1.2
2425,E0,2024-11-30,Arsenal,West Ham,0,5,2,3,13,25,8,2.2,1.2
2425,E0,2024-12-04,Arsenal,Man United,1,2,0,3,14,28,10,2.2,0.8
2425,E0,2024-12-08,Arsenal,Fulham,0,1,1,1,15,29,11,2.4,0.8
2425,E0,2024-12-14,Arsenal,Everton,1,0,0,1,16,30,11,2.2,0.6
2425,E0,2024-12-21,Arsenal,Crystal Palace,0,5,1,3,17,33,11,2.6,0.8
2425,E0,2024-12-27,Arsenal,Ipswich,1,1,0,3,18,36,11,1.8,0.4
2425,E0,2025-01-01,Arsenal,Brentford,0,3,1,3,19,39,11,2.0,0.6
2425,E0,2025-01-04,Arsenal,Brighton,0,1,1,1,20,40,11,2.0,0.6
2425,E0,2025-01-15,Arsenal,Tottenham,1,2,1,3,21,43,13,2.4,0.8
2425,E0,2025-01-18,Arsenal,Aston Villa,1,2,2,1,22,44,11,1.8,1.0
2425,E0,2025-01-25,Arsenal,Wolves,0,1,0,3,23,47,11,1.8,1.0
2425,E0,2025-02-02,Arsenal,Man City,1,5,1,3,24,50,11,2.2,1.0
2425,E0,2025-02-15,Arsenal,Leicester,0,2,0,3,25,53,13,2.4,0.8
2425,E0,2025-02-22,Arsenal,West Ham,1,0,1,0,26,53,10,2.0,0.8
2425,E0,2025-02-26,Arsenal,Nott'm Forest,0,0,0,1,27,54,10,1.6,0.4
2425,E0,2025-03-09,Arsenal,Man United,0,1,1,1,28,55,8,1.6,0.6
2425,E0,2025-03-16,Arsenal,Chelsea,1,1,0,3,29,58,8,0.8,0.4
2425,E0,2025-04-01,Arsenal,Fulham,1,2,1,3,30,61,8,0.8,0.6
2425,E0,2025-04-05,Arsenal,Everton,0,1,1,1,31,62,9,1.0,0.6
2425,E0,2025-04-12,Arsenal,Brentford,1,1,1,1,32,63,9,1.2,0.8
2425,E0,2025-04-20,Arsenal,Ipswich,0,4,0,3,33,66,11,1.8,0.6
2425,E0,2025-04-23,Arsenal,Crystal Palace,1,2,2,1,34,67,9,2.0,1.0
2425,E0,2025-05-03,Arsenal,Bournemouth,1,1,2,0,35,67,6,1.8,1.2
2425,E0,2025-05-11,Arsenal,Liverpool,0,2,2,1,36,68,6,2.0,1.4
2425,E0,2025-05-18,Arsenal,Newcastle,1,1,0,3,37,71,8,2.0,1.2
2425,E0,2025-05-25,Arsenal,Southampton,0,2,1,3,38,74,8,1.6,1.4
2425,E0,2024-08-17,Aston Villa,West Ham,0,2,1,3,1,3,3,2.0,1.0
2425,E0,2024-08-24,Aston Villa,Arsenal,1,0,2,0,2,3,3,1.0,1.5
2425,E0,2024-08-31,Aston Villa,Leicester,0,2,1,3,3,6,6,1.3333333333333333,1.3333333333333333
2425,E0,2024-09-14,Aston Villa,Everton,1,3,2,3,4,9,9,1.75,1.5
2425,E0,2024-09-21,Aston Villa,Wolves,1,3,1,3,5,12,12,2.0,1.4
2425,E0,2024-09-29,Aston Villa,Ipswich,0,2,2,1,6,13,10,2.0,1.6
2425,E0,2024-10-06,Aston Villa,Man United,1,0,0,1,7,14,11,2.0,1.2
2425,E0,2024-10-19,Aston Villa,Fulham,0,3,1,3,8,17,11,2.2,1.2
2425,E0,2024-10-26,Aston Villa,Bournemouth,1,1,1,1,9,18,9,1.8,1.0
2425,E0,2024-11-03,Aston Villa,Tottenham,0,1,4,0,10,18,6,1.4,1.6
2425,E0,2024-11-09,Aston Villa,Liverpool,0,0,2,0,11,18,5,1.0,1.6
2425,E0,2024-11-23,Aston Villa,Crystal Palace,1,2,2,1,12,19,5,1.4,2.0
2425,E0,2024-12-01,Aston Villa,Chelsea,0,0,3,0,13,19,2,0.8,2.4
2425,E0,2024-12-04,Aston Villa,Brentford,1,3,1,3,14,22,4,1.2,2.4
2425,E0,2024-12-07,Aston Villa,Southampton,1,1,0,3,15,25,7,1.2,1.6
2425,E0,2024-12-14,Aston Villa,Nott'm Forest,0,1,2,0,16,25,7,1.4,1.6
2425,E0,2024-12-21,Aston Villa,Man City,1,2,1,3,17,28,9,1.4,1.4
2425,E0,2024-12-26,Aston Villa,Newcastle,0,0,3,0,18,28,9,1.4,1.4
2425,E0,2024-12-30,Aston Villa,Brighton,1,2,2,1,19,29,7,1.2,1.6
2425,E0,2025-01-04,Aston Villa,Leicester,1,2,1,3,20,32,7,1.4,1.8
2425,E0,2025-01-15,Aston Villa,Everton,0,1,0,3,21,35,10,1.4,1.4
2425,E0,2025-01-18,Aston Villa,Arsenal,0,2,2,1,22,36,8,1.4,1.6
2425,E0,2025-01-26,Aston Villa,West Ham,1,1,1,1,23,37,9,1.6,1.2
2425,E0,2025-02-01,Aston Villa,Wolves,0,0,2,0,24,37,8,1.2,1.2
2425,E0,2025-02-15,Aston Villa,Ipswich,1,1,1,1,25,38,6,1.0,1.2
2425,E0,2025-02-19,Aston Villa,Liverpool,1,2,2,1,26,39,4,1.2,1.6
2425,E0,2025-02-22,Aston Villa,Chelsea,1,2,1,3,27,42,6,1.2,1.4
2425,E0,2025-02-25,Aston Villa,Crystal Palace,0,1,4,0,28,42,5,1.2,2.0
2425,E0,2025-03-08,Aston Villa,Brentford,0,1,0,3,29,45,8,1.4,1.6
2425,E0,2025-04-02,Aston Villa,Brighton,0,3,0,3,30,48,10,1.8,1.4
2425,E0,2025-04-05,Aston Villa,Nott'm Forest,1,2,1,3,31,51,12,1.8,1.2
2425,E0,2025-04-12,Aston Villa,Southampton,0,3,0,3,32,54,12,2.0,1.0
2425,E0,2025-04-19,Aston Villa,Newcastle,1,4,1,3,33,57,15,2.6,0.4
2425,E0,2025-04-22,Aston Villa,Man City,0,1,2,0,34,57,12,2.6,0.8
2425,E0,2025-05-03,Aston Villa,Fulham,1,1,0,3,35,60,12,2.2,0.8
2425,E0,2025-05-10,Aston Villa,Bournemouth,0,1,0,3,36,63,12,2.0,0.6
2425,E0,2025-05-16,Aston Villa,Tottenham,1,2,0,3,37,66,12,1.8,0.6
2425,E0,2025-05-25,Aston Villa,Man United,0,0,2,0,38,66,9,1.0,0.8
2425,E0,2024-08-17,Bournemouth,Nott'm Forest,0,1,1,1,1,1,1,1.0,1.0
2425,E0,2024-08-25,Bournemouth,Newcastle,1,1,1,1,2,2,2,1.0,1.0
2425,E0,2024-08-31,Bournemouth,Everton,0,3,2,3,3,5,5,1.6666666666666667,1.3333333333333333
2425,E0,2024-09-14,Bournemouth,Chelsea,1,0,1,0,4,5,5,1.25,1.25
2425,E0,2024-09-21,Bournemouth,Liverpool,0,0,3,0,5,5,5,1.0,1.6
2425,E0,2024-09-30,Bournemouth,Southampton,1,3,1,3,6,8,7,1.4,1.6
2425,E0,2024-10-05,Bournemouth,Leicester,0,0,1,0,7,8,6,1.2,1.6
2425,E0,2024-10-19,Bournemouth,Arsenal,1,2,0,3,8,11,6,1.0,1.2
2425,E0,2024-10-26,Bournemouth,Aston Villa,0,1,1,1,9,12,7,1.2,1.2
2425,E0,2024-11-02,Bournemouth,Man City,1,2,1,3,10,15,10,1.6,0.8
2425,E0,2024-11-09,Bournemouth,Brentford,0,2,3,0,11,15,7,1.4,1.2
2425,E0,2024-11-23,Bournemouth,Brighton,1,1,2,0,12,15,7,1.6,1.4
2425,E0,2024-11-30,Bournemouth,Wolves,0,4,2,3,13,18,7,2.0,1.8
2425,E0,2024-12-05,Bournemouth,Tottenham,1,1,0,3,14,21,9,2.0,1.6
2425,E0,2024-12-08,Bournemouth,Ipswich,0,2,1,3,15,24,9,2.0,1.6
2425,E0,2024-12-16,Bournemouth,West Ham,1,1,1,1,16,25,10,1.8,1.2
2425,E0,2024-12-22,Bournemouth,Man United,0,3,0,3,17,28,13,2.2,0.8
2425,E0,2024-12-26,Bournemouth,Crystal Palace,1,0,0,1,18,29,11,1.4,0.4
2425,E0,2024-12-29,Bournemouth,Fulham,0,2,2,1,19,30,9,1.6,0.8
2425,E0,2025-01-04,Bournemouth,Everton,1,1,0,3,20,33,9,1.4,0.6
2425,E0,2025-01-14,Bournemouth,Chelsea,0,2,2,1,21,34,9,1.6,0.8
2425,E0,2025-01-18,Bournemouth,Newcastle,0,4,1,3,22,37,9,1.8,1.0
2425,E0,2025-01-25,Bournemouth,Nott'm Forest,1,5,0,3,23,40,11,2.8,1.0
2425,E0,2025-02-01,Bournemouth,Liverpool,1,0,2,0,24,40,10,2.4,1.0
2425,E0,2025-02-15,Bournemouth,Southampton,0,3,1,3,25,43,10,2.8,1.2
2425,E0,2025-02-22,Bournemouth,Wolves,1,0,1,0,26,43,9,2.4,1.0
2425,E0,2025-02-25,Bournemouth,Brighton,0,1,2,0,27,43,6,1.8,1.2
2425,E0,2025-03-09,Bournemouth,Tottenham,0,2,2,1,28,44,4,1.2,1.6
2425,E0,2025-03-15,Bournemouth,Brentford,1,1,2,0,29,44,4,1.4,1.6
2425,E0,2025-04-02,Bournemouth,Ipswich,1,1,2,0,30,44,1,1.0,1.8
2425,E0,2025-04-05,Bournemouth,West Ham,0,2,2,1,31,45,2,1.4,2.0
2425,E0,2025-04-14,Bournemouth,Fulham,1,1,0,3,32,48,5,1.4,1.6
2425,E0,2025-04-19,Bournemouth,Crystal Palace,0,0,0,1,33,49,5,1.0,1.2
2425,E0,2025-04-27,Bournemouth,Man United,1,1,1,1,34,50,6,1.0,1.0
2425,E0,2025-05-03,Bournemouth,Arsenal,0,2,1,3,35,53,9,1.2,0.8
2425,E0,2025-05-10,Bournemouth,Aston Villa,1,0,1,0,36,53,8,0.8,0.6
2425,E0,2025-05-20,Bournemouth,Man City,0,1,3,0,37,53,5,0.8,1.2
2425,E0,2025-05-25,Bournemouth,Leicester,1,2,0,3,38,56,7,1.2,1.2
2425,E0,2024-08-18,Brentford,Crystal Palace,1,2,1,3,1,3,3,2.0,1.0
2425,E0,2024-08-25,Brentford,Liverpool,0,0,2,0,2,3,3,1.0,1.5
2425,E0,2024-08-31,Brentford,Southampton,1,3,1,3,3,6,6,1.6666666666666667,1.3333333333333333
2425,E0,2024-09-14,Brentford,Man City,0,1,2,0,4,6,6,1.5,1.5
2425,E0,2024-09-21,Brentford,Tottenham,0,1,3,0,5,6,6,1.4,1.8
2425,E0,2024-09-28,Brentford,West Ham,1,1,1,1,6,7,4,1.2,1.8
2425,E0,2024-10-05,Brentford,Wolves,1,5,3,3,7,10,7,2.2,2.0
2425,E0,2024-10-19,Brentford,Man United,0,1,2,0,8,10,4,1.8,2.2
2425,E0,2024-10-26,Brentford,Ipswich,1,4,3,3,9,13,7,2.4,2.4
2425,E0,2024-11-04,Brentford,Fulham,0,1,2,0,10,13,7,2.4,2.2
2425,E0,2024-11-09,Brentford,Bournemouth,1,3,2,3,11,16,9,2.8,2.4
2425,E0,2024-11-23,Brentford,Everton,0,0,0,1,12,17,7,1.8,1.8
2425,E0,2024-11-30,Brentford,Leicester,1,4,1,3,13,20,10,2.4,1.6
2425,E0,2024-12-04,Brentford,Aston Villa,0,1,3,0,14,20,7,1.8,1.6
2425,E0,2024-12-07,Brentford,Newcastle,1,4,2,3,15,23,10,2.4,1.6
2425,E0,2024-12-15,Brentford,Chelsea,0,1,2,0,16,23,7,2.0,1.6
2425,E0,2024-12-21,Brentford,Nott'm Forest,1,0,2,0,17,23,6,2.0,2.0
2425,E0,2024-12-27,Brentford,Brighton,0,0,0,1,18,24,4,1.2,1.8
2425,E0,2025-01-01,Brentford,Arsenal,1,1,3,0,19,24,4,1.2,1.8
2425,E0,2025-01-04,Brentford,Southampton,0,5,0,3,20,27,4,1.4,1.4
2425,E0,2025-01-14,Brentford,Man City,1,2,2,1,21,28,5,1.6,1.4
2425,E0,2025-01-18,Brentford,Liverpool,1,0,2,0,22,28,5,1.6,1.4
2425,E0,2025-01-26,Brentford,Crystal Palace,0,2,1,3,23,31,7,2.0,1.6
2425,E0,2025-02-02,Brentford,Tottenham,1,0,2,0,24,31,7,1.8,1.4
2425,E0,2025-02-15,Brentford,West Ham,0,1,0,3,25,34,7,1.0,1.4
2425,E0,2025-02-21,Brentford,Leicester,0,4,0,3,26,37,9,1.4,1.0
2425,E0,2025-02-26,Brentford,Everton,1,1,1,1,27,38,10,1.6,0.8
2425,E0,2025-03-08,Brentford,Aston Villa,1,0,1,0,28,38,7,1.2,0.8
2425,E0,2025-03-15,Brentford,Bournemouth,0,2,1,3,29,41,10,1.6,0.6
2425,E0,2025-04-02,Brentford,Newcastle,0,1,2,0,30,41,7,1.6,1.0
2425,E0,2025-04-06,Brentford,Chelsea,1,0,0,1,31,42,5,0.8,1.0
2425,E0,2025-04-12,Brentford,Arsenal,0,1,1,1,32,43,5,0.8,1.0
2425,E0,2025-04-19,Brentford,Brighton,1,4,2,3,33,46,8,1.6,1.2
2425,E0,2025-05-01,Brentford,Nott'm Forest,0,2,0,3,34,49,8,1.6,1.0
2425,E0,2025-05-04,Brentford,Man United,1,4,3,3,35,52,11,2.2,1.2
2425,E0,2025-05-10,Brentford,Ipswich,0,1,0,3,36,55,13,2.4,1.2
2425,E0,2025-05-18,Brentford,Fulham,1,2,3,0,37,55,12,2.6,1.6
2425,E0,2025-05-25,Brentford,Wolves,0,1,1,1,38,56,10,2.0,1.4
2425,E0,2024-08-17,Brighton,Everton,0,3,0,3,1,3,3,3.0,0.0
2425,E0,2024-08-24,Brighton,Man United,1,2,1,3,2,6,6,2.5,0.5
2425,E0,2024-08-31,Brighton,Arsenal,0,1,1,1,3,7,7,2.0,0.6666666666666666
2425,E0,2024-09-14,Brighton,Ipswich,1,0,0,1,4,8,8,1.5,0.5
2425,E0,2024-09-22,Brighton,Nott'm Forest,1,2,2,1,5,9,9,1.6,0.8
2425,E0,2024-09-28,Brighton,Chelsea,0,2,4,0,6,9,6,1.4,1.6
2425,E0,2024-10-06,Brighton,Tottenham,1,3,2,3,7,12,6,1.6,1.8
2425,E0,2024-10-19,Brighton,Newcastle,0,1,0,3,8,15,8,1.6,1.6
2425,E0,2024-10-26,Brighton,Wolves,1,2,2,1,9,16,8,2.0,2.0
2425,E0,2024-11-02,Brighton,Liverpool,0,1,2,0,10,16,7,1.8,2.0
2425,E0,2024-11-09,Brighton,Man City,1,2,1,3,11,19,10,1.8,1.4
2425,E0,2024-11-23,Brighton,Bournemouth,0,2,1,3,12,22,10,1.6,1.2
2425,E0,2024-11-29,Brighton,Southampton,1,1,1,1,13,23,8,1.6,1.4
2425,E0,2024-12-05,Brighton,Fulham,0,1,3,0,14,23,7,1.4,1.6
2425,E0,2024-12-08,Brighton,Leicester,0,2,2,1,15,24,8,1.6,1.6
2425,E0,2024-12-15,Brighton,Crystal Palace,1,1,3,0,16,24,5,1.4,2.0
2425,E0,2024-12-21,Brighton,West Ham,0,1,1,1,17,25,3,1.2,2.0
2425,E0,2024-12-27,Brighton,Brentford,1,0,0,1,18,26,3,1.0,1.8
2425,E0,2024-12-30,Brighton,Aston Villa,0,2,2,1,19,27,4,1.2,1.6
2425,E0,2025-01-04,Brighton,Arsenal,1,1,1,1,20,28,4,1.0,1.4
2425,E0,2025-01-16,Brighton,Ipswich,0,2,0,3,21,31,7,1.2,0.8
2425,E0,2025-01-19,Brighton,Man United,0,3,1,3,22,34,9,1.6,0.8
2425,E0,2025-01-25,Brighton,Everton,1,0,1,0,23,34,8,1.6,1.0
2425,E0,2025-02-01,Brighton,Nott'm Forest,0,0,7,0,24,34,7,1.2,2.0
2425,E0,2025-02-14,Brighton,Chelsea,1,3,0,3,25,37,9,1.6,1.8
2425,E0,2025-02-22,Brighton,Southampton,0,4,0,3,26,40,9,2.0,1.8
2425,E0,2025-02-25,Brighton,Bournemouth,1,2,1,3,27,43,9,1.8,1.8
2425,E0,2025-03-08,Brighton,Fulham,1,2,1,3,28,46,12,2.2,1.8
2425,E0,2025-03-15,Brighton,Man City,0,2,2,1,29,47,13,2.6,0.8
2425,E0,2025-04-02,Brighton,Aston Villa,1,0,3,0,30,47,10,2.0,1.4
2425,E0,2025-04-05,Brighton,Crystal Palace,0,1,2,0,31,47,7,1.4,1.8
2425,E0,2025-04-12,Brighton,Leicester,1,2,2,1,32,48,5,1.4,2.0
2425,E0,2025-04-19,Brighton,Brentford,0,2,4,0,33,48,2,1.4,2.6
2425,E0,2025-04-26,Brighton,West Ham,1,3,2,3,34,51,4,1.6,2.6
2425,E0,2025-05-04,Brighton,Newcastle,1,1,1,1,35,52,5,1.8,2.2
2425,E0,2025-05-10,Brighton,Wolves,0,2,0,3,36,55,8,2.0,1.8
2425,E0,2025-05-19,Brighton,Liverpool,1,3,2,3,37,58,10,2.2,1.8
2425,E0,2025-05-25,Brighton,Tottenham,0,4,1,3,38,61,13,2.6,1.2
2425,E0,2024-08-18,Chelsea,Man City,1,0,2,0,1,0,0,0.0,2.0
2425,E0,2024-08-25,Chelsea,Wolves,0,6,2,3,2,3,3,3.0,2.0
2425,E0,2024-09-01,Chelsea,Crystal Palace,1,1,1,1,3,4,4,2.3333333333333335,1.6666666666666667
2425,E0,2024-09-14,Chelsea,Bournemouth,0,1,0,3,4,7,7,2.0,1.25
2425,E0,2024-09-21,Chelsea,West Ham,0,3,0,3,5,10,10,2.2,1.0
2425,E0,2024-09-28,Chelsea,Brighton,1,4,2,3,6,13,13,3.0,1.0
2425,E0,2024-10-06,Chelsea,Nott'm Forest,1,1,1,1,7,14,11,2.0,0.8
2425,E0,2024-10-20,Chelsea,Liverpool,0,1,2,0,8,14,10,2.0,1.0
2425,E0,2024-10-27,Chelsea,Newcastle,1,2,1,3,9,17,10,2.2,1.2
2425,E0,2024-11-03,Chelsea,Man United,0,1,1,1,10,18,8,1.8,1.4
2425,E0,2024-11-10,Chelsea,Arsenal,1,1,1,1,11,19,6,1.2,1.2
2425,E0,2024-11-23,Chelsea,Leicester,0,2,1,3,12,22,8,1.4,1.2
2425,E0,2024-12-01,Chelsea,Aston Villa,1,3,0,3,13,25,11,1.8,0.8
2425,E0,2024-12-04,Chelsea,Southampton,0,5,1,3,14,28,11,2.4,0.8
2425,E0,2024-12-08,Chelsea,Tottenham,0,4,3,3,15,31,13,3.0,1.2
2425,E0,2024-12-15,Chelsea,Brentford,1,2,1,3,16,34,15,3.2,1.2
2425,E0,2024-12-22,Chelsea,Everton,0,0,0,1,17,35,13,2.8,1.0
2425,E0,2024-12-26,Chelsea,Fulham,1,1,2,0,18,35,10,2.4,1.4
2425,E0,2024-12-30,Chelsea,Ipswich,0,0,2,0,19,35,7,1.4,1.6
2425,E0,2025-01-04,Chelsea,Crystal Palace,0,1,1,1,20,36,5,0.8,1.2
2425,E0,2025-01-14,Chelsea,Bournemouth,1,2,2,1,21,37,3,0.8,1.4
2425,E0,2025-01-20,Chelsea,Wolves,1,3,1,3,22,40,5,1.4,1.6
2425,E0,2025-01-25,Chelsea,Man City,0,1,3,0,23,40,5,1.4,1.8
2425,E0,2025-02-03,Chelsea,West Ham,1,2,1,3,24,43,8,1.8,1.6
2425,E0,2025-02-14,Chelsea,Brighton,0,0,3,0,25,43,7,1.6,2.0
2425,E0,2025-02-22,Chelsea,Aston Villa,0,1,2,0,26,43,6,1.4,2.0
2425,E0,2025-02-25,Chelsea,Southampton,1,4,0,3,27,46,6,1.6,1.8
2425,E0,2025-03-09,Chelsea,Leicester,1,1,0,3,28,49,9,1.6,1.2
2425,E0,2025-03-16,Chelsea,Arsenal,0,0,1,0,29,49,6,1.2,1.2
2425,E0,2025-04-03,Chelsea,Tottenham,1,1,0,3,30,52,9,1.4,0.6
2425,E0,2025-04-06,Chelsea,Brentford,0,0,0,1,31,53,10,1.2,0.2
2425,E0,2025-04-13,Chelsea,Ipswich,1,2,2,1,32,54,8,0.8,0.6
2425,E0,2025-04-20,Chelsea,Fulham,0,2,1,3,33,57,8,1.0,0.8
2425,E0,2025-04-26,Chelsea,Everton,1,1,0,3,34,60,11,1.2,0.6
2425,E0,2025-05-04,Chelsea,Liverpool,1,3,1,3,35,63,11,1.6,0.8
2425,E0,2025-05-11,Chelsea,Newcastle,0,0,2,0,36,63,10,1.6,1.2
2425,E0,2025-05-16,Chelsea,Man United,1,1,0,3,37,66,12,1.4,0.8
2425,E0,2025-05-25,Chelsea,Nott'm Forest,0,1,0,3,38,69,12,1.2,0.6
2425,E0,2024-08-18,Crystal Palace,Brentford,0,1,2,0,1,0,0,1.0,2.0
2425,E0,2024-08-24,Crystal Palace,West Ham,1,0,2,0,2,0,0,0.5,2.0
2425,E0,2024-09-01,Crystal Palace,Chelsea,0,1,1,1,3,1,1,0.6666666666666666,1.6666666666666667
2425,E0,2024-09-14,Crystal Palace,Leicester,1,2,2,1,4,2,2,1.0,1.75
2425,E0,2024-09-21,Crystal Palace,Man United,1,0,0,1,5,3,3,0.8,1.4
2425,E0,2024-09-28,Crystal Palace,Everton,0,1,2,0,6,3,3,0.8,1.4
2425,E0,2024-10-05,Crystal Palace,Liverpool,1,0,1,0,7,3,3,0.8,1.2
2425,E0,2024-10-21,Crystal Palace,Nott'm Forest,0,0,1,0,8,3,2,0.6,1.2
2425,E0,2024-10-27,Crystal Palace,Tottenham,1,1,0,3,9,6,4,0.4,0.8
2425,E0,2024-11-02,Crystal Palace,Wolves,0,2,2,1,10,7,4,0.8,1.2
2425,E0,2024-11-09,Crystal Palace,Fulham,1,0,2,0,11,7,4,0.6,1.2
2425,E0,2024-11-23,Crystal Palace,Aston Villa,0,2,2,1,12,8,5,1.0,1.4
2425,E0,2024-11-30,Crystal Palace,Newcastle,1,1,1,1,13,9,6,1.2,1.4
2425,E0,2024-12-03,Crystal Palace,Ipswich,0,1,0,3,14,12,6,1.2,1.4
2425,E0,2024-12-07,Crystal Palace,Man City,1,2,2,1,15,13,6,1.2,1.4
2425,E0,2024-12-15,Crystal Palace,Brighton,0,3,1,3,16,16,9,1.8,1.2
2425,E0,2024-12-21,Crystal Palace,Arsenal,1,1,5,0,17,16,8,1.6,1.8
2425,E0,2024-12-26,Crystal Palace,Bournemouth,0,0,0,1,18,17,8,1.4,1.6
2425,E0,2024-12-29,Crystal Palace,Southampton,1,2,1,3,19,20,8,1.6,1.8
2425,E0,2025-01-04,Crystal Palace,Chelsea,1,1,1,1,20,21,8,1.4,1.6
2425,E0,2025-01-15,Crystal Palace,Leicester,0,2,0,3,21,24,8,1.2,1.4
2425,E0,2025-01-18,Crystal Palace,West Ham,0,2,0,3,22,27,11,1.4,0.4
2425,E0,2025-01-26,Crystal Palace,Brentford,1,1,2,0,23,27,10,1.6,0.8
2425,E0,2025-02-02,Crystal Palace,Man United,0,2,0,3,24,30,10,1.6,0.6
2425,E0,2025-02-15,Crystal Palace,Everton,1,1,2,0,25,30,9,1.6,0.8
2425,E0,2025-02-22,Crystal Palace,Fulham,0,2,0,3,26,33,9,1.6,0.8
2425,E0,2025-02-25,Crystal Palace,Aston Villa,1,4,1,3,27,36,9,2.0,1.0
2425,E0,2025-03-08,Crystal Palace,Ipswich,1,1,0,3,28,39,12,2.0,0.6
2425,E0,2025-04-02,Crystal Palace,Southampton,0,1,1,1,29,40,10,1.8,0.8
2425,E0,2025-04-05,Crystal Palace,Brighton,1,2,1,3,30,43,13,2.0,0.6
2425,E0,2025-04-12,Crystal Palace,Man City,0,2,5,0,31,43,10,2.0,1.6
2425,E0,2025-04-16,Crystal Palace,Newcastle,0,0,5,0,32,43,7,1.2,2.4
2425,E0,2025-04-19,Crystal Palace,Bournemouth,1,0,0,1,33,44,5,1.0,2.4
2425,E0,2025-04-23,Crystal Palace,Arsenal,0,2,2,1,34,45,5,1.2,2.6
2425,E0,2025-05-05,Crystal Palace,Nott'm Forest,1,1,1,1,35,46,3,1.0,2.6
2425,E0,2025-05-11,Crystal Palace,Tottenham,0,2,0,3,36,49,6,1.0,1.6
2425,E0,2025-05-20,Crystal Palace,Wolves,1,4,2,3,37,52,9,1.8,1.0
2425,E0,2025-05-25,Crystal Palace,Liverpool,0,1,1,1,38,53,9,2.0,1.2
2425,E0,2024-08-17,Everton,Brighton,1,0,3,0,1,0,0,0.0,3.0
2425,E0,2024-08-24,Everton,Tottenham,0,0,4,0,2,0,0,0.0,3.5
2425,E0,2024-08-31,Everton,Bournemouth,1,2,3,0,3,0,0,0.6666666666666666,3.3333333333333335
2425,E0,2024-09-14,Everton,Aston Villa,0,2,3,0,4,0,0,1.0,3.25
2425,E0,2024-09-21,Everton,Leicester,0,1,1,1,5,1,1,1.0,2.8
2425,E0,2024-09-28,Everton,Crystal Palace,1,2,1,3,6,4,4,1.4,2.4
2425,E0,2024-10-05,Everton,Newcastle,1,0,0,1,7,5,5,1.4,1.6
2425,E0,2024-10-19,Everton,Ipswich,0,2,0,3,8,8,8,1.4,1.0
2425,E0,2024-10-26,Everton,Fulham,1,1,1,1,9,9,9,1.2,0.6
2425,E0,2024-11-02,Everton,Southampton,0,0,1,0,10,9,8,1.0,0.6
2425,E0,2024-11-09,Everton,West Ham,0,0,0,1,11,10,6,0.6,0.4
2425,E0,2024-11-23,Everton,Brentford,1,0,0,1,12,11,6,0.6,0.4
2425,E0,2024-12-01,Everton,Man United,0,0,4,0,13,11,3,0.2,1.2
2425,E0,2024-12-04,Everton,Wolves,1,4,0,3,14,14,5,0.8,1.0
2425,E0,2024-12-14,Everton,Arsenal,0,0,0,1,15,15,6,0.8,0.8
2425,E0,2024-12-22,Everton,Chelsea,1,0,0,1,16,16,6,0.8,0.8
2425,E0,2024-12-26,Everton,Man City,0,1,1,1,17,17,6,1.0,1.0
2425,E0,2024-12-29,Everton,Nott'm Forest,1,0,2,0,18,17,6,1.0,0.6
2425,E0,2025-01-04,Everton,Bournemouth,0,0,1,0,19,17,3,0.2,0.8
2425,E0,2025-01-15,Everton,Aston Villa,1,0,1,0,20,17,2,0.2,1.0
2425,E0,2025-01-19,Everton,Tottenham,1,3,2,3,21,20,4,0.8,1.4
2425,E0,2025-01-25,Everton,Brighton,0,1,0,3,22,23,6,0.8,1.2
2425,E0,2025-02-01,Everton,Leicester,1,4,0,3,23,26,9,1.6,0.8
2425,E0,2025-02-12,Everton,Liverpool,1,2,2,1,24,27,10,2.0,1.0
2425,E0,2025-02-15,Everton,Crystal Palace,0,2,1,3,25,30,13,2.4,1.0
2425,E0,2025-02-22,Everton,Man United,1,2,2,1,26,31,11,2.2,1.0
2425,E0,2025-02-26,Everton,Brentford,0,1,1,1,27,32,9,2.2,1.2
2425,E0,2025-03-08,Everton,Wolves,0,1,1,1,28,33,7,1.6,1.4
2425,E0,2025-03-15,Everton,West Ham,1,1,1,1,29,34,7,1.4,1.2
2425,E0,2025-04-02,Everton,Liverpool,0,0,1,0,30,34,4,1.0,1.2
2425,E0,2025-04-05,Everton,Arsenal,1,1,1,1,31,35,4,0.8,1.0
2425,E0,2025-04-12,Everton,Nott'm Forest,0,1,0,3,32,38,6,0.8,0.8
2425,E0,2025-04-19,Everton,Man City,1,0,2,0,33,38,5,0.6,1.0
2425,E0,2025-04-26,Everton,Chelsea,0,0,1,0,34,38,4,0.4,1.0
2425,E0,2025-05-03,Everton,Ipswich,1,2,2,1,35,39,5,0.8,1.2
2425,E0,2025-05-10,Everton,Fulham,0,3,1,3,36,42,7,1.2,1.2
2425,E0,2025-05-18,Everton,Southampton,1,2,0,3,37,45,7,1.4,1.2
2425,E0,2025-05-25,Everton,Newcastle,0,1,0,3,38,48,10,1.6,0.8
2425,E0,2024-08-16,Fulham,Man United,0,0,1,0,1,0,0,0.0,1.0
2425,E0,2024-08-24,Fulham,Leicester,1,2,1,3,2,3,3,1.0,1.0
2425,E0,2024-08-31,Fulham,Ipswich,0,1,1,1,3,4,4,1.0,1.0
2425,E0,2024-09-14,Fulham,West Ham,1,1,1,1,4,5,5,1.0,1.0
2425,E0,2024-09-21,Fulham,Newcastle,1,3,1,3,5,8,8,1.4,1.0
2425,E0,2024-09-28,Fulham,Nott'm Forest,0,1,0,3,6,11,11,1.6,0.8
2425,E0,2024-10-05,Fulham,Man City,0,2,3,0,7,11,8,1.6,1.2
2425,E0,2024-10-19,Fulham,Aston Villa,1,1,3,0,8,11,7,1.6,1.6
2425,E0,2024-10-26,Fulham,Everton,0,1,1,1,9,12,7,1.6,1.6
2425,E0,2024-11-04,Fulham,Brentford,1,2,1,3,10,15,7,1.4,1.6
2425,E0,2024-11-09,Fulham,Crystal Palace,0,2,0,3,11,18,7,1.6,1.6
2425,E0,2024-11-23,Fulham,Wolves,1,1,4,0,12,18,7,1.4,1.8
2425,E0,2024-12-01,Fulham,Tottenham,0,1,1,1,13,19,8,1.4,1.4
2425,E0,2024-12-05,Fulham,Brighton,1,3,1,3,14,22,10,1.8,1.4
2425,E0,2024-12-08,Fulham,Arsenal,1,1,1,1,15,23,8,1.6,1.4
2425,E0,2024-12-14,Fulham,Liverpool,0,2,2,1,16,24,6,1.6,1.8
2425,E0,2024-12-22,Fulham,Southampton,1,0,0,1,17,25,7,1.4,1.0
2425,E0,2024-12-26,Fulham,Chelsea,0,2,1,3,18,28,9,1.6,1.0
2425,E0,2024-12-29,Fulham,Bournemouth,1,2,2,1,19,29,7,1.4,1.2
2425,E0,2025-01-05,Fulham,Ipswich,1,2,2,1,20,30,7,1.6,1.4
2425,E0,2025-01-14,Fulham,West Ham,0,2,3,0,21,30,6,1.6,1.6
2425,E0,2025-01-18,Fulham,Leicester,0,2,0,3,22,33,8,2.0,1.6
2425,E0,2025-01-26,Fulham,Man United,1,0,1,0,23,33,5,1.6,1.6
2425,E0,2025-02-01,Fulham,Newcastle,0,2,1,3,24,36,7,1.6,1.4
2425,E0,2025-02-15,Fulham,Nott'm Forest,1,2,1,3,25,39,9,1.6,1.2
2425,E0,2025-02-22,Fulham,Crystal Palace,1,0,2,0,26,39,9,1.2,1.0
2425,E0,2025-02-25,Fulham,Wolves,0,2,1,3,27,42,9,1.2,1.2
2425,E0,2025-03-08,Fulham,Brighton,0,1,2,0,28,42,9,1.4,1.4
2425,E0,2025-03-16,Fulham,Tottenham,1,2,0,3,29,45,9,1.4,1.2
2425,E0,2025-04-01,Fulham,Arsenal,0,1,2,0,30,45,6,1.2,1.4
2425,E0,2025-04-06,Fulham,Liverpool,1,3,2,3,31,48,9,1.8,1.4
2425,E0,2025-04-14,Fulham,Bournemouth,0,0,1,0,32,48,6,1.4,1.4
2425,E0,2025-04-20,Fulham,Chelsea,1,1,2,0,33,48,6,1.4,1.4
2425,E0,2025-04-26,Fulham,Southampton,0,2,1,3,34,51,6,1.4,1.6
2425,E0,2025-05-03,Fulham,Aston Villa,0,0,1,0,35,51,6,1.2,1.4
2425,E0,2025-05-10,Fulham,Everton,1,1,3,0,36,51,3,0.8,1.6
2425,E0,2025-05-18,Fulham,Brentford,0,3,2,3,37,54,6,1.4,1.8
2425,E0,2025-05-25,Fulham,Man City,1,0,2,0,38,54,6,1.2,1.8
2425,E0,2024-08-17,Ipswich,Liverpool,1,0,2,0,1,0,0,0.0,2.0
2425,E0,2024-08-24,Ipswich,Man City,0,1,4,0,2,0,0,0.5,3.0
2425,E0,2024-08-31,Ipswich,Fulham,1,1,1,1,3,1,1,0.6666666666666666,2.3333333333333335
2425,E0,2024-09-14,Ipswich,Brighton,0,0,0,1,4,2,2,0.5,1.75
2425,E0,2024-09-21,Ipswich,Southampton,0,1,1,1,5,3,3,0.6,1.6
2425,E0,2024-09-29,Ipswich,Aston Villa,1,2,2,1,6,4,4,1.0,1.6
2425,E0,2024-10-05,Ipswich,West Ham,0,1,4,0,7,4,4,1.0,1.6
2425,E0,2024-10-19,Ipswich,Everton,1,0,2,0,8,4,3,0.8,1.8
2425,E0,2024-10-26,Ipswich,Brentford,0,3,4,0,9,4,2,1.4,2.6
2425,E0,2024-11-02,Ipswich,Leicester,1,1,1,1,10,5,2,1.4,2.6
2425,E0,2024-11-10,Ipswich,Tottenham,0,2,1,3,11,8,4,1.4,2.4
2425,E0,2024-11-24,Ipswich,Man United,1,1,1,1,12,9,5,1.4,1.8
2425,E0,2024-11-30,Ipswich,Nott'm Forest,0,0,1,0,13,9,5,1.4,1.6
2425,E0,2024-12-03,Ipswich,Crystal Palace,1,0,1,0,14,9,5,0.8,1.0
2425,E0,2024-12-08,Ipswich,Bournemouth,1,1,2,0,15,9,4,0.8,1.2
2425,E0,2024-12-14,Ipswich,Wolves,0,2,1,3,16,12,4,0.8,1.2
2425,E0,2024-12-21,Ipswich,Newcastle,1,0,4,0,17,12,3,0.6,1.8
2425,E0,2024-12-27,Ipswich,Arsenal,0,0,1,0,18,12,3,0.6,1.8
2425,E0,2024-12-30,Ipswich,Chelsea,1,2,0,3,19,15,6,1.0,1.6
2425,E0,2025-01-05,Ipswich,Fulham,0,2,2,1,20,16,7,1.2,1.6
2425,E0,2025-01-16,Ipswich,Brighton,1,0,2,0,21,16,4,0.8,1.8
2425,E0,2025-01-19,Ipswich,Man City,1,0,6,0,22,16,4,0.8,2.2
2425,E0,2025-01-25,Ipswich,Liverpool,0,1,4,0,23,16,4,1.0,2.8
2425,E0,2025-02-01,Ipswich,Southampton,1,1,2,0,24,16,1,0.8,3.2
2425,E0,2025-02-15,Ipswich,Aston Villa,0,1,1,1,25,17,1,0.6,3.0
2425,E0,2025-02-22,Ipswich,Tottenham,1,1,4,0,26,17,1,0.8,3.4
2425,E0,2025-02-26,Ipswich,Man United,0,2,3,0,27,17,1,1.2,2.8
2425,E0,2025-03-08,Ipswich,Crystal Palace,0,0,1,0,28,17,1,1.0,2.2
2425,E0,2025-03-15,Ipswich,Nott'm Forest,1,2,4,0,29,17,1,1.2,2.6
2425,E0,2025-04-02,Ipswich,Bournemouth,0,2,1,3,30,20,3,1.4,2.6
2425,E0,2025-04-05,Ipswich,Wolves,1,1,2,0,31,20,3,1.4,2.2
2425,E0,2025-04-13,Ipswich,Chelsea,0,2,2,1,32,21,4,1.4,2.0
2425,E0,2025-04-20,Ipswich,Arsenal,1,0,4,0,33,21,4,1.4,2.6
2425,E0,2025-04-26,Ipswich,Newcastle,0,0,3,0,34,21,4,1.0,2.4
2425,E0,2025-05-03,Ipswich,Everton,0,2,2,1,35,22,2,1.0,2.6
2425,E0,2025-05-10,Ipswich,Brentford,1,0,1,0,36,22,2,0.8,2.4
2425,E0,2025-05-18,Ipswich,Leicester,0,0,2,0,37,22,1,0.4,2.4
2425,E0,2025-05-25,Ipswich,West Ham,1,1,3,0,38,22,1,0.6,2.2
2425,E0,2024-08-19,Leicester,Tottenham,1,1,1,1,1,1,1,1.0,1.0
2425,E0,2024-08-24,Leicester,Fulham,0,1,2,0,2,1,1,1.0,1.5
2425,E0,2024-08-31,Leicester,Aston Villa,1,1,2,0,3,1,1,1.0,1.6666666666666667
2425,E0,2024-09-14,Leicester,Crystal Palace,0,2,2,1,4,2,2,1.25,1.75
2425,E0,2024-09-21,Leicester,Everton,1,1,1,1,5,3,3,1.2,1.6
2425,E0,2024-09-28,Leicester,Arsenal,0,2,4,0,6,3,2,1.4,2.2
2425,E0,2024-10-05,Leicester,Bournemouth,1,1,0,3,7,6,5,1.4,1.8
2425,E0,2024-10-19,Leicester,Southampton,0,3,2,3,8,9,8,1.8,1.8
2425,E0,2024-10-25,Leicester,Nott'm Forest,1,1,3,0,9,9,7,1.6,2.0
2425,E0,2024-11-02,Leicester,Ipswich,0,1,1,1,10,10,7,1.6,2.0
2425,E0,2024-11-10,Leicester,Man United,0,0,3,0,11,10,7,1.2,1.8
2425,E0,2024-11-23,Leicester,Chelsea,1,1,2,0,12,10,4,1.2,2.2
2425,E0,2024-11-30,Leicester,Brentford,0,1,4,0,13,10,1,0.8,2.6
2425,E0,2024-12-03,Leicester,West Ham,1,3,1,3,14,13,4,1.2,2.2
2425,E0,2024-12-08,Leicester,Brighton,1,2,2,1,15,14,4,1.4,2.4
2425,E0,2024-12-14,Leicester,Newcastle,0,0,4,0,16,14,4,1.4,2.6
2425,E0,2024-12-22,Leicester,Wolves,1,0,3,0,17,14,4,1.2,2.8
2425,E0,2024-12-26,Leicester,Liverpool,0,1,3,0,18,14,4,1.2,2.6
2425,E0,2024-12-29,Leicester,Man City,1,0,2,0,19,14,1,0.6,2.8
2425,E0,2025-01-04,Leicester,Aston Villa,0,1,2,0,20,14,0,0.4,2.8
2425,E0,2025-01-15,Leicester,Crystal Palace,1,0,2,0,21,14,0,0.4,2.4
2425,E0,2025-01-18,Leicester,Fulham,1,0,2,0,22,14,0,0.4,2.2
2425,E0,2025-01-26,Leicester,Tottenham,0,2,1,3,23,17,3,0.6,1.8
2425,E0,2025-02-01,Leicester,Everton,0,0,4,0,24,17,3,0.6,2.2
2425,E0,2025-02-15,Leicester,Arsenal,1,0,2,0,25,17,3,0.4,2.2
2425,E0,2025-02-21,Leicester,Brentford,1,0,4,0,26,17,3,0.4,2.6
2425,E0,2025-02-27,Leicester,West Ham,0,0,2,0,27,17,3,0.4,2.6
2425,E0,2025-03-09,Leicester,Chelsea,0,0,1,0,28,17,0,0.0,2.6
2425,E0,2025-03-16,Leicester,Man United,1,0,3,0,29,17,0,0.0,2.4
2425,E0,2025-04-02,Leicester,Man City,0,0,2,0,30,17,0,0.0,2.4
2425,E0,2025-04-07,Leicester,Newcastle,1,0,3,0,31,17,0,0.0,2.2
2425,E0,2025-04-12,Leicester,Brighton,0,2,2,1,32,18,1,0.4,2.2
2425,E0,2025-04-20,Leicester,Liverpool,1,0,1,0,33,18,1,0.4,2.2
2425,E0,2025-04-26,Leicester,Wolves,0,0,3,0,34,18,1,0.4,2.2
2425,E0,2025-05-03,Leicester,Southampton,1,2,0,3,35,21,4,0.8,1.8
2425,E0,2025-05-11,Leicester,Nott'm Forest,0,2,2,1,36,22,5,1.2,1.6
2425,E0,2025-05-18,Leicester,Ipswich,1,2,0,3,37,25,7,1.2,1.2
2425,E0,2025-05-25,Leicester,Bournemouth,0,0,2,0,38,25,7,1.2,1.4
2425,E0,2024-08-17,Liverpool,Ipswich,0,2,0,3,1,3,3,2.0,0.0
2425,E0,2024-08-25,Liverpool,Brentford,1,2,0,3,2,6,6,2.0,0.0
2425,E0,2024-09-01,Liverpool,Man United,0,3,0,3,3,9,9,2.3333333333333335,0.0
2425,E0,2024-09-14,Liverpool,Nott'm Forest,1,0,1,0,4,9,9,1.75,0.25
2425,E0,2024-09-21,Liverpool,Bournemouth,1,3,0,3,5,12,12,2.0,0.2
2425,E0,2024-09-28,Liverpool,Wolves,0,2,1,3,6,15,12,2.0,0.4
2425,E0,2024-10-05,Liverpool,Crystal Palace,0,1,0,3,7,18,12,1.8,0.4
2425,E0,2024-10-20,Liverpool,Chelsea,1,2,1,3,8,21,12,1.6,0.6
2425,E0,2024-10-27,Liverpool,Arsenal,0,2,2,1,9,22,13,2.0,0.8
2425,E0,2024-11-02,Liverpool,Brighton,1,2,1,3,10,25,13,1.8,1.0
2425,E0,2024-11-09,Liverpool,Aston Villa,1,2,0,3,11,28,13,1.8,0.8
2425,E0,2024-11-24,Liverpool,Southampton,0,3,2,3,12,31,13,2.2,1.2
2425,E0,2024-12-01,Liverpool,Man City,1,2,0,3,13,34,13,2.2,1.0
2425,E0,2024-12-04,Liverpool,Newcastle,0,3,3,1,14,35,13,2.4,1.2
2425,E0,2024-12-14,Liverpool,Fulham,1,2,2,1,15,36,11,2.4,1.4
2425,E0,2024-12-22,Liverpool,Tottenham,0,6,3,3,16,39,11,3.2,2.0
2425,E0,2024-12-26,Liverpool,Leicester,1,3,1,3,17,42,11,3.2,1.8
2425,E0,2024-12-29,Liverpool,West Ham,0,5,0,3,18,45,11,3.8,1.8
2425,E0,2025-01-05,Liverpool,Man United,1,2,2,1,19,46,11,3.6,1.6
2425,E0,2025-01-14,Liverpool,Nott'm Forest,0,1,1,1,20,47,11,3.4,1.4
2425,E0,2025-01-18,Liverpool,Brentford,0,2,0,3,21,50,11,2.6,0.8
2425,E0,2025-01-25,Liverpool,Ipswich,1,4,1,3,22,53,11,2.8,0.8
2425,E0,2025-02-01,Liverpool,Bournemouth,0,2,0,3,23,56,11,2.2,0.8
2425,E0,2025-02-12,Liverpool,Everton,0,2,2,1,24,57,11,2.2,0.8
2425,E0,2025-02-16,Liverpool,Wolves,1,2,1,3,25,60,13,2.4,0.8
2425,E0,2025-02-19,Liverpool,Aston Villa,0,2,2,1,26,61,11,2.4,1.2
2425,E0,2025-02-23,Liverpool,Man City,0,2,0,3,27,64,11,2.0,1.0
2425,E0,2025-02-26,Liverpool,Newcastle,1,2,0,3,28,67,11,2.0,1.0
2425,E0,2025-03-08,Liverpool,Southampton,1,3,1,3,29,70,13,2.2,0.8
2425,E0,2025-04-02,Liverpool,Everton,1,1,0,3,30,73,13,2.0,0.6
2425,E0,2025-04-06,Liverpool,Fulham,0,2,3,0,31,73,12,2.0,0.8
2425,E0,2025-04-13,Liverpool,West Ham,1,2,1,3,32,76,12,2.0,1.0
2425,E0,2025-04-20,Liverpool,Leicester,0,1,0,3,33,79,12,1.8,1.0
2425,E0,2025-04-27,Liverpool,Tottenham,1,5,1,3,34,82,12,2.2,1.0
2425,E0,2025-05-04,Liverpool,Chelsea,0,1,3,0,35,82,9,2.2,1.6
2425,E0,2025-05-11,Liverpool,Arsenal,1,2,2,1,36,83,10,2.2,1.4
2425,E0,2025-05-19,Liverpool,Brighton,0,2,3,0,37,83,7,2.2,1.8
2425,E0,2025-05-25,Liverpool,Crystal Palace,1,1,1,1,38,84,5,2.2,2.0
2425,E0,2024-08-18,Man City,Chelsea,0,2,0,3,1,3,3,2.0,0.0
2425,E0,2024-08-24,Man City,Ipswich,1,4,1,3,2,6,6,3.0,0.5
2425,E0,2024-08-31,Man City,West Ham,0,3,1,3,3,9,9,3.0,0.6666666666666666
2425,E0,2024-09-14,Man City,Brentford,1,2,1,3,4,12,12,2.75,0.75
2425,E0,2024-09-22,Man City,Arsenal,1,2,2,1,5,13,13,2.6,1.0
2425,E0,2024-09-28,Man City,Newcastle,0,1,1,1,6,14,11,2.4,1.2
2425,E0,2024-10-05,Man City,Fulham,1,3,2,3,7,17,11,2.2,1.4
2425,E0,2024-10-20,Man City,Wolves,0,2,1,3,8,20,11,2.0,1.4
2425,E0,2024-10-26,Man City,Southampton,1,1,0,3,9,23,11,1.8,1.2
2425,E0,2024-11-02,Man City,Bournemouth,0,1,2,0,10,23,10,1.6,1.2
2425,E0,2024-11-09,Man City,Brighton,0,1,2,0,11,23,9,1.6,1.4
2425,E0,2024-11-23,Man City,Tottenham,1,0,4,0,12,23,6,1.0,1.8
2425,E0,2024-12-01,Man City,Liverpool,0,0,2,0,13,23,3,0.6,2.0
2425,E0,2024-12-04,Man City,Nott'm Forest,1,3,0,3,14,26,3,1.0,2.0
2425,E0,2024-12-07,Man City,Crystal Palace,0,2,2,1,15,27,4,1.2,2.0
2425,E0,2024-12-15,Man City,Man United,1,1,2,0,16,27,4,1.2,2.0
2425,E0,2024-12-21,Man City,Aston Villa,0,1,2,0,17,27,4,1.4,1.6
2425,E0,2024-12-26,Man City,Everton,1,1,1,1,18,28,5,1.6,1.4
2425,E0,2024-12-29,Man City,Leicester,0,2,0,3,19,31,5,1.4,1.4
2425,E0,2025-01-04,Man City,West Ham,1,4,1,3,20,34,7,1.8,1.2
2425,E0,2025-01-14,Man City,Brentford,0,2,2,1,21,35,8,2.0,1.2
2425,E0,2025-01-19,Man City,Ipswich,0,6,0,3,22,38,11,3.0,0.8
2425,E0,2025-01-25,Man City,Chelsea,1,3,1,3,23,41,13,3.4,0.8
2425,E0,2025-02-02,Man City,Arsenal,0,1,5,0,24,41,10,3.2,1.8
2425,E0,2025-02-15,Man City,Newcastle,1,4,0,3,25,44,10,3.2,1.6
2425,E0,2025-02-23,Man City,Liverpool,1,0,2,0,26,44,9,2.8,1.6
2425,E0,2025-02-26,Man City,Tottenham,0,1,0,3,27,47,9,1.8,1.6
2425,E0,2025-03-08,Man City,Nott'm Forest,0,0,1,0,28,47,6,1.2,1.6
2425,E0,2025-03-15,Man City,Brighton,1,2,2,1,29,48,7,1.4,1.0
2425,E0,2025-04-02,Man City,Leicester,1,2,0,3,30,51,7,1.0,1.0
2425,E0,2025-04-06,Man City,Man United,0,0,0,1,31,52,8,1.0,0.6
2425,E0,2025-04-12,Man City,Crystal Palace,1,5,2,3,32,55,8,1.8,1.0
2425,E0,2025-04-19,Man City,Everton,0,2,0,3,33,58,11,2.2,0.8
2425,E0,2025-04-22,Man City,Aston Villa,1,2,1,3,34,61,13,2.2,0.6
2425,E0,2025-05-02,Man City,Wolves,1,1,0,3,35,64,13,2.0,0.6
2425,E0,2025-05-10,Man City,Southampton,0,0,0,1,36,65,13,2.0,0.6
2425,E0,2025-05-20,Man City,Bournemouth,1,3,1,3,37,68,13,1.6,0.4
2425,E0,2025-05-25,Man City,Fulham,0,2,0,3,38,71,13,1.6,0.4
2425,E0,2024-08-16,Man United,Fulham,1,1,0,3,1,3,3,1.0,0.0
2425,E0,2024-08-24,Man United,Brighton,0,1,2,0,2,3,3,1.0,1.0
2425,E0,2024-09-01,Man United,Liverpool,1,0,3,0,3,3,3,0.6666666666666666,1.6666666666666667
2425,E0,2024-09-14,Man United,Southampton,0,3,0,3,4,6,6,1.25,1.25
2425,E0,2024-09-21,Man United,Crystal Palace,0,0,0,1,5,7,7,1.0,1.0
2425,E0,2024-09-29,Man United,Tottenham,1,0,3,0,6,7,4,0.8,1.6
2425,E0,2024-10-06,Man United,Aston Villa,0,0,0,1,7,8,5,0.6,1.2
2425,E0,2024-10-19,Man United,Brentford,1,2,1,3,8,11,8,1.0,0.8
2425,E0,2024-10-27,Man United,West Ham,0,1,2,0,9,11,5,0.6,1.2
2425,E0,2024-11-03,Man United,Chelsea,1,1,1,1,10,12,5,0.8,1.4
2425,E0,2024-11-10,Man United,Leicester,1,3,0,3,11,15,8,1.4,0.8
2425,E0,2024-11-24,Man United,Ipswich,0,1,1,1,12,16,8,1.6,1.0
2425,E0,2024-12-01,Man United,Everton,1,4,0,3,13,19,8,2.0,0.8
2425,E0,2024-12-04,Man United,Arsenal,0,0,2,0,14,19,8,1.8,0.8
2425,E0,2024-12-07,Man United,Nott'm Forest,1,2,3,0,15,19,7,2.0,1.2
2425,E0,2024-12-15,Man United,Man City,0,2,1,3,16,22,7,1.8,1.4
2425,E0,2024-12-22,Man United,Bournemouth,1,0,3,0,17,22,6,1.6,1.8
2425,E0,2024-12-26,Man United,Wolves,0,0,2,0,18,22,3,0.8,2.2
2425,E0,2024-12-30,Man United,Newcastle,1,0,2,0,19,22,3,0.8,2.2
2425,E0,2025-01-05,Man United,Liverpool,0,2,2,1,20,23,4,0.8,2.0
2425,E0,2025-01-16,Man United,Southampton,1,3,1,3,21,26,4,1.0,2.0
2425,E0,2025-01-19,Man United,Brighton,1,1,3,0,22,26,4,1.2,2.0
2425,E0,2025-01-26,Man United,Fulham,0,1,0,3,23,29,7,1.4,1.6
2425,E0,2025-02-02,Man United,Crystal Palace,1,0,2,0,24,29,7,1.4,1.6
2425,E0,2025-02-16,Man United,Tottenham,0,0,1,0,25,29,6,1.0,1.4
2425,E0,2025-02-22,Man United,Everton,0,2,2,1,26,30,4,0.8,1.6
2425,E0,2025-02-26,Man United,Ipswich,1,3,2,3,27,33,7,1.2,1.4
2425,E0,2025-03-09,Man United,Arsenal,1,1,1,1,28,34,5,1.2,1.6
2425,E0,2025-03-16,Man United,Leicester,0,3,0,3,29,37,8,1.8,1.2
2425,E0,2025-04-01,Man United,Nott'm Forest,0,0,1,0,30,37,8,1.8,1.2
2425,E0,2025-04-06,Man United,Man City,1,0,0,1,31,38,8,1.4,0.8
2425,E0,2025-04-13,Man United,Newcastle,0,1,4,0,32,38,5,1.0,1.2
2425,E0,2025-04-20,Man United,Wolves,1,0,1,0,33,38,4,0.8,1.2
2425,E0,2025-04-27,Man United,Bournemouth,0,1,1,1,34,39,2,0.4,1.4
2425,E0,2025-05-04,Man United,Brentford,0,3,4,0,35,39,2,1.0,2.0
2425,E0,2025-05-11,Man United,West Ham,1,0,2,0,36,39,1,1.0,2.4
2425,E0,2025-05-16,Man United,Chelsea,0,0,1,0,37,39,1,0.8,1.8
2425,E0,2025-05-25,Man United,Aston Villa,1,2,0,3,38,42,4,1.2,1.6
2425,E0,2024-08-17,Newcastle,Southampton,1,1,0,3,1,3,3,1.0,0.0
2425,E0,2024-08-25,Newcastle,Bournemouth,0,1,1,1,2,4,4,1.0,0.5
2425,E0,2024-09-01,Newcastle,Tottenham,1,2,1,3,3,7,7,1.3333333333333333,0.6666666666666666
2425,E0,2024-09-15,Newcastle,Wolves,0,2,1,3,4,10,10,1.5,0.75
2425,E0,2024-09-21,Newcastle,Fulham,0,1,3,0,5,10,10,1.4,1.2
2425,E0,2024-09-28,Newcastle,Man City,1,1,1,1,6,11,8,1.4,1.4
2425,E0,2024-10-05,Newcastle,Everton,0,0,0,1,7,12,8,1.2,1.2
2425,E0,2024-10-19,Newcastle,Brighton,1,0,1,0,8,12,5,0.8,1.2
2425,E0,2024-10-27,Newcastle,Chelsea,0,1,2,0,9,12,2,0.6,1.4
2425,E0,2024-11-02,Newcastle,Arsenal,1,1,0,3,10,15,5,0.6,0.8
2425,E0,2024-11-10,Newcastle,Nott'm Forest,0,3,1,3,11,18,7,1.0,0.8
2425,E0,2024-11-25,Newcastle,West Ham,1,0,2,0,12,18,6,1.0,1.2
2425,E0,2024-11-30,Newcastle,Crystal Palace,0,1,1,1,13,19,7,1.2,1.2
2425,E0,2024-12-04,Newcastle,Liverpool,1,3,3,1,14,20,8,1.6,1.4
2425,E0,2024-12-07,Newcastle,Brentford,0,2,4,0,15,20,5,1.8,2.2
2425,E0,2024-12-14,Newcastle,Leicester,1,4,0,3,16,23,5,2.0,2.0
2425,E0,2024-12-21,Newcastle,Ipswich,0,4,0,3,17,26,8,2.8,1.6
2425,E0,2024-12-26,Newcastle,Aston Villa,1,3,0,3,18,29,10,3.2,1.4
2425,E0,2024-12-30,Newcastle,Man United,0,2,0,3,19,32,12,3.0,0.8
2425,E0,2025-01-04,Newcastle,Tottenham,0,2,1,3,20,35,15,3.0,0.2
2425,E0,2025-01-15,Newcastle,Wolves,1,3,0,3,21,38,15,2.8,0.2
2425,E0,2025-01-18,Newcastle,Bournemouth,1,1,4,0,22,38,12,2.2,1.0
2425,E0,2025-01-25,Newcastle,Southampton,0,3,1,3,23,41,12,2.2,1.2
2425,E0,2025-02-01,Newcastle,Fulham,1,1,2,0,24,41,9,2.0,1.6
2425,E0,2025-02-15,Newcastle,Man City,0,0,4,0,25,41,6,1.6,2.2
2425,E0,2025-02-23,Newcastle,Nott'm Forest,1,4,3,3,26,44,6,1.8,2.8
2425,E0,2025-02-26,Newcastle,Liverpool,0,0,2,0,27,44,6,1.6,2.4
2425,E0,2025-03-10,Newcastle,West Ham,0,1,0,3,28,47,6,1.2,2.2
2425,E0,2025-04-02,Newcastle,Brentford,1,2,1,3,29,50,9,1.4,2.0
2425,E0,2025-04-07,Newcastle,Leicester,0,3,0,3,30,53,12,2.0,1.2
2425,E0,2025-04-13,Newcastle,Man United,1,4,1,3,31,56,12,2.0,0.8
2425,E0,2025-04-16,Newcastle,Crystal Palace,1,5,0,3,32,59,15,3.0,0.4
2425,E0,2025-04-19,Newcastle,Aston Villa,0,1,4,0,33,59,12,3.0,1.2
2425,E0,2025-04-26,Newcastle,Ipswich,1,3,0,3,34,62,12,3.2,1.0
2425,E0,2025-05-04,Newcastle,Brighton,0,1,1,1,35,63,10,2.8,1.2
2425,E0,2025-05-11,Newcastle,Chelsea,1,2,0,3,36,66,10,2.4,1.0
2425,E0,2025-05-18,Newcastle,Arsenal,0,0,1,0,37,66,7,1.4,1.2
2425,E0,2025-05-25,Newcastle,Everton,1,0,1,0,38,66,7,1.2,0.6
2425,E0,2024-08-17,Nott'm Forest,Bournemouth,1,1,1,1,1,1,1,1.0,1.0
2425,E0,2024-08-24,Nott'm Forest,Southampton,0,1,0,3,2,4,4,1.0,0.5
2425,E0,2024-08-31,Nott'm Forest,Wolves,1,1,1,1,3,5,5,1.0,0.6666666666666666
2425,E0,2024-09-14,Nott'm Forest,Liverpool,0,1,0,3,4,8,8,1.0,0.5
2425,E0,2024-09-22,Nott'm Forest,Brighton,0,2,2,1,5,9,9,1.2,0.8
2425,E0,2024-09-28,Nott'm Forest,Fulham,1,0,1,0,6,9,8,1.0,0.8
2425,E0,2024-10-06,Nott'm Forest,Chelsea,0,1,1,1,7,10,6,1.0,1.0
2425,E0,2024-10-21,Nott'm Forest,Crystal Palace,1,1,0,3,8,13,8,1.0,0.8
2425,E0,2024-10-25,Nott'm Forest,Leicester,0,3,1,3,9,16,8,1.4,1.0
2425,E0,2024-11-02,Nott'm Forest,West Ham,1,3,0,3,10,19,10,1.6,0.6
2425,E0,2024-11-10,Nott'm Forest,Newcastle,1,1,3,0,11,19,10,1.8,1.0
2425,E0,2024-11-23,Nott'm Forest,Arsenal,0,0,3,0,12,19,9,1.6,1.4
2425,E0,2024-11-30,Nott'm Forest,Ipswich,1,1,0,3,13,22,9,1.6,1.4
2425,E0,2024-12-04,Nott'm Forest,Man City,0,0,3,0,14,22,6,1.0,1.8
2425,E0,2024-12-07,Nott'm Forest,Man United,0,3,2,3,15,25,6,1.0,2.2
2425,E0,2024-12-14,Nott'm Forest,Aston Villa,1,2,1,3,16,28,9,1.2,1.8
2425,E0,2024-12-21,Nott'm Forest,Brentford,0,2,0,3,17,31,12,1.6,1.2
2425,E0,2024-12-26,Nott'm Forest,Tottenham,1,1,0,3,18,34,12,1.6,1.2
2425,E0,2024-12-29,Nott'm Forest,Everton,0,2,0,3,19,37,15,2.0,0.6
2425,E0,2025-01-06,Nott'm Forest,Wolves,0,3,0,3,20,40,15,2.0,0.2
2425,E0,2025-01-14,Nott'm Forest,Liverpool,1,1,1,1,21,41,13,1.8,0.2
2425,E0,2025-01-19,Nott'm Forest,Southampton,1,3,2,3,22,44,13,2.0,0.6
2425,E0,2025-01-25,Nott'm Forest,Bournemouth,0,0,5,0,23,44,10,1.8,1.6
2425,E0,2025-02-01,Nott'm Forest,Brighton,1,7,0,3,24,47,10,2.8,1.6
2425,E0,2025-02-15,Nott'm Forest,Fulham,0,1,2,0,25,47,7,2.4,2.0
2425,E0,2025-02-23,Nott'm Forest,Newcastle,0,3,4,0,26,47,6,2.8,2.6
2425,E0,2025-02-26,Nott'm Forest,Arsenal,1,0,0,1,27,48,4,2.2,2.2
2425,E0,2025-03-08,Nott'm Forest,Man City,1,1,0,3,28,51,7,2.4,1.2
2425,E0,2025-03-15,Nott'm Forest,Ipswich,0,4,2,3,29,54,7,1.8,1.6
2425,E0,2025-04-01,Nott'm Forest,Man United,1,1,0,3,30,57,10,1.8,1.2
2425,E0,2025-04-05,Nott'm Forest,Aston Villa,0,1,2,0,31,57,10,1.4,0.8
2425,E0,2025-04-12,Nott'm Forest,Everton,1,0,1,0,32,57,9,1.4,1.0
2425,E0,2025-04-21,Nott'm Forest,Tottenham,0,2,1,3,33,60,9,1.6,1.2
2425,E0,2025-05-01,Nott'm Forest,Brentford,1,0,2,0,34,60,6,0.8,1.2
2425,E0,2025-05-05,Nott'm Forest,Crystal Palace,0,1,1,1,35,61,4,0.8,1.4
2425,E0,2025-05-11,Nott'm Forest,Leicester,1,2,2,1,36,62,5,1.0,1.4
2425,E0,2025-05-18,Nott'm Forest,West Ham,0,2,1,3,37,65,8,1.4,1.4
2425,E0,2025-05-25,Nott'm Forest,Chelsea,1,0,1,0,38,65,5,1.0,1.4
2425,E0,2024-08-17,Southampton,Newcastle,0,0,1,0,1,0,0,0.0,1.0
2425,E0,2024-08-24,Southampton,Nott'm Forest,1,0,1,0,2,0,0,0.0,1.0
2425,E0,2024-08-31,Southampton,Brentford,0,1,3,0,3,0,0,0.3333333333333333,1.6666666666666667
2425,E0,2024-09-14,Southampton,Man United,1,0,3,0,4,0,0,0.25,2.0
2425,E0,2024-09-21,Southampton,Ipswich,1,1,1,1,5,1,1,0.4,1.8
2425,E0,2024-09-30,Southampton,Bournemouth,0,1,3,0,6,1,1,0.6,2.2
2425,E0,2024-10-05,Southampton,Arsenal,0,1,3,0,7,1,1,0.8,2.6
2425,E0,2024-10-19,Southampton,Leicester,1,2,3,0,8,1,1,1.0,2.6
2425,E0,2024-10-26,Southampton,Man City,0,0,1,0,9,1,1,1.0,2.2
2425,E0,2024-11-02,Southampton,Everton,1,1,0,3,10,4,3,1.0,2.0
2425,E0,2024-11-09,Southampton,Wolves,0,0,2,0,11,4,3,0.8,1.8
2425,E0,2024-11-24,Southampton,Liverpool,1,2,3,0,12,4,3,1.0,1.8
2425,E0,2024-11-29,Southampton,Brighton,0,1,1,1,13,5,4,0.8,1.4
2425,E0,2024-12-04,Southampton,Chelsea,1,1,5,0,14,5,4,1.0,2.2
2425,E0,2024-12-07,Southampton,Aston Villa,0,0,1,0,15,5,1,0.8,2.4
2425,E0,2024-12-15,Southampton,Tottenham,1,0,5,0,16,5,1,0.8,3.0
2425,E0,2024-12-22,Southampton,Fulham,0,0,0,1,17,6,2,0.4,2.4
2425,E0,2024-12-26,Southampton,West Ham,1,0,1,0,18,6,1,0.2,2.4
2425,E0,2024-12-29,Southampton,Crystal Palace,0,1,2,0,19,6,1,0.2,1.8
2425,E0,2025-01-04,Southampton,Brentford,1,0,5,0,20,6,1,0.2,2.6
2425,E0,2025-01-16,Southampton,Man United,0,1,3,0,21,6,1,0.4,2.2
2425,E0,2025-01-19,Southampton,Nott'm Forest,0,2,3,0,22,6,0,0.8,2.8
2425,E0,2025-01-25,Southampton,Newcastle,1,1,3,0,23,6,0,1.0,3.2
2425,E0,2025-02-01,Southampton,Ipswich,0,2,1,3,24,9,3,1.2,3.0
2425,E0,2025-02-15,Southampton,Bournemouth,1,1,3,0,25,9,3,1.4,2.6
2425,E0,2025-02-22,Southampton,Brighton,1,0,4,0,26,9,3,1.2,2.8
2425,E0,2025-02-25,Southampton,Chelsea,0,0,4,0,27,9,3,0.8,3.0
2425,E0,2025-03-08,Southampton,Liverpool,0,1,3,0,28,9,3,0.8,3.0
2425,E0,2025-03-15,Southampton,Wolves,1,1,2,0,29,9,0,0.6,3.2
2425,E0,2025-04-02,Southampton,Crystal Palace,1,1,1,1,30,10,1,0.6,2.8
2425,E0,2025-04-06,Southampton,Tottenham,0,1,3,0,31,10,1,0.8,2.6
2425,E0,2025-04-12,Southampton,Aston Villa,1,0,3,0,32,10,1,0.8,2.4
2425,E0,2025-04-19,Southampton,West Ham,0,1,1,1,33,11,2,0.8,2.0
2425,E0,2025-04-26,Southampton,Fulham,1,1,2,0,34,11,2,0.8,2.0
2425,E0,2025-05-03,Southampton,Leicester,0,0,2,0,35,11,1,0.6,2.2
2425,E0,2025-05-10,Southampton,Man City,1,0,0,1,36,12,2,0.4,1.6
2425,E0,2025-05-18,Southampton,Everton,0,0,2,0,37,12,2,0.4,1.4
2425,E0,2025-05-25,Southampton,Arsenal,1,1,2,0,38,12,1,0.4,1.6
2425,E0,2024-08-19,Tottenham,Leicester,0,1,1,1,1,1,1,1.0,1.0
2425,E0,2024-08-24,Tottenham,Everton,1,4,0,3,2,4,4,2.5,0.5
2425,E0,2024-09-01,Tottenham,Newcastle,0,1,2,0,3,4,4,2.0,1.0
2425,E0,2024-09-15,Tottenham,Arsenal,1,0,1,0,4,4,4,1.5,1.0
2425,E0,2024-09-21,Tottenham,Brentford,1,3,1,3,5,7,7,1.8,1.0
2425,E0,2024-09-29,Tottenham,Man United,0,3,0,3,6,10,9,2.2,0.8
2425,E0,2024-10-06,Tottenham,Brighton,0,2,3,0,7,10,6,1.8,1.4
2425,E0,2024-10-19,Tottenham,West Ham,1,4,1,3,8,13,9,2.4,1.2
2425,E0,2024-10-27,Tottenham,Crystal Palace,0,0,1,0,9,13,9,2.4,1.2
2425,E0,2024-11-03,Tottenham,Aston Villa,1,4,1,3,10,16,9,2.6,1.2
2425,E0,2024-11-10,Tottenham,Ipswich,1,1,2,0,11,16,6,2.2,1.6
2425,E0,2024-11-23,Tottenham,Man City,0,4,0,3,12,19,9,2.6,1.0
2425,E0,2024-12-01,Tottenham,Fulham,1,1,1,1,13,20,7,2.0,1.0
2425,E0,2024-12-05,Tottenham,Bournemouth,0,0,1,0,14,20,7,2.0,1.0
2425,E0,2024-12-08,Tottenham,Chelsea,1,3,4,0,15,20,4,1.8,1.6
2425,E0,2024-12-15,Tottenham,Southampton,0,5,0,3,16,23,7,2.6,1.2
2425,E0,2024-12-22,Tottenham,Liverpool,1,3,6,0,17,23,4,2.4,2.4
2425,E0,2024-12-26,Tottenham,Nott'm Forest,0,0,1,0,18,23,3,2.2,2.4
2425,E0,2024-12-29,Tottenham,Wolves,1,2,2,1,19,24,4,2.6,2.6
2425,E0,2025-01-04,Tottenham,Newcastle,1,1,2,0,20,24,4,2.2,2.2
2425,E0,2025-01-15,Tottenham,Arsenal,0,1,2,0,21,24,1,1.4,2.6
2425,E0,2025-01-19,Tottenham,Everton,0,2,3,0,22,24,1,1.2,2.0
2425,E0,2025-01-26,Tottenham,Leicester,1,1,2,0,23,24,1,1.4,2.2
2425,E0,2025-02-02,Tottenham,Brentford,0,2,0,3,24,27,3,1.4,1.8
2425,E0,2025-02-16,Tottenham,Man United,1,1,0,3,25,30,6,1.4,1.4
2425,E0,2025-02-22,Tottenham,Ipswich,0,4,1,3,26,33,9,2.0,1.2
2425,E0,2025-02-26,Tottenham,Man City,1,0,1,0,27,33,9,1.6,0.8
2425,E0,2025-03-09,Tottenham,Bournemouth,1,2,2,1,28,34,10,1.8,0.8
2425,E0,2025-03-16,Tottenham,Fulham,0,0,2,0,29,34,7,1.4,1.2
2425,E0,2025-04-03,Tottenham,Chelsea,0,0,1,0,30,34,4,1.2,1.4
2425,E0,2025-04-06,Tottenham,Southampton,1,3,1,3,31,37,4,1.0,1.4
2425,E0,2025-04-13,Tottenham,Wolves,0,2,4,0,32,37,4,1.4,2.0
2425,E0,2025-04-21,Tottenham,Nott'm Forest,1,1,2,0,33,37,3,1.2,2.0
2425,E0,2025-04-27,Tottenham,Liverpool,0,1,5,0,34,37,3,1.4,2.6
2425,E0,2025-05-04,Tottenham,West Ham,0,1,1,1,35,38,4,1.6,2.6
2425,E0,2025-05-11,Tottenham,Crystal Palace,1,0,2,0,36,38,1,1.0,2.8
2425,E0,2025-05-16,Tottenham,Aston Villa,0,0,2,0,37,38,1,0.6,2.4
2425,E0,2025-05-25,Tottenham,Brighton,1,1,4,0,38,38,1,0.6,2.8
2425,E0,2024-08-17,West Ham,Aston Villa,1,1,2,0,1,0,0,1.0,2.0
2425,E0,2024-08-24,West Ham,Crystal Palace,0,2,0,3,2,3,3,1.5,1.0
2425,E0,2024-08-31,West Ham,Man City,1,1,3,0,3,3,3,1.3333333333333333,1.6666666666666667
2425,E0,2024-09-14,West Ham,Fulham,0,1,1,1,4,4,4,1.25,1.5
2425,E0,2024-09-21,West Ham,Chelsea,1,0,3,0,5,4,4,1.0,1.8
2425,E0,2024-09-28,West Ham,Brentford,0,1,1,1,6,5,5,1.0,1.6
2425,E0,2024-10-05,West Ham,Ipswich,1,4,1,3,7,8,5,1.4,1.8
2425,E0,2024-10-19,West Ham,Tottenham,0,1,4,0,8,8,5,1.4,2.0
2425,E0,2024-10-27,West Ham,Man United,1,2,1,3,9,11,7,1.6,2.0
2425,E0,2024-11-02,West Ham,Nott'm Forest,0,0,3,0,10,11,7,1.6,2.0
2425,E0,2024-11-09,West Ham,Everton,1,0,0,1,11,12,7,1.4,1.8
2425,E0,2024-11-25,West Ham,Newcastle,0,2,0,3,12,15,7,1.0,1.6
2425,E0,2024-11-30,West Ham,Arsenal,1,2,5,0,13,15,7,1.2,1.8
2425,E0,2024-12-03,West Ham,Leicester,0,1,3,0,14,15,4,1.0,2.2
2425,E0,2024-12-09,West Ham,Wolves,1,2,1,3,15,18,7,1.4,1.8
2425,E0,2024-12-16,West Ham,Bournemouth,0,1,1,1,16,19,7,1.6,2.0
2425,E0,2024-12-21,West Ham,Brighton,1,1,1,1,17,20,5,1.4,2.2
2425,E0,2024-12-26,West Ham,Southampton,0,1,0,3,18,23,8,1.2,1.2
2425,E0,2024-12-29,West Ham,Liverpool,1,0,5,0,19,23,8,1.0,1.6
2425,E0,2025-01-04,West Ham,Man City,0,1,4,0,20,23,5,0.8,2.2
2425,E0,2025-01-14,West Ham,Fulham,1,3,2,3,21,26,7,1.2,2.4
2425,E0,2025-01-18,West Ham,Crystal Palace,1,0,2,0,22,26,6,1.0,2.6
2425,E0,2025-01-26,West Ham,Aston Villa,0,1,1,1,23,27,4,1.0,2.8
2425,E0,2025-02-03,West Ham,Chelsea,0,1,2,0,24,27,4,1.2,2.2
2425,E0,2025-02-15,West Ham,Brentford,1,0,1,0,25,27,4,1.0,1.6
2425,E0,2025-02-22,West Ham,Arsenal,0,1,0,3,26,30,4,0.6,1.2
2425,E0,2025-02-27,West Ham,Leicester,1,2,0,3,27,33,7,1.0,0.8
2425,E0,2025-03-10,West Ham,Newcastle,1,0,1,0,28,33,6,0.8,0.8
2425,E0,2025-03-15,West Ham,Everton,0,1,1,1,29,34,7,0.8,0.6
2425,E0,2025-04-01,West Ham,Wolves,0,0,1,0,30,34,7,0.8,0.6
2425,E0,2025-04-05,West Ham,Bournemouth,1,2,2,1,31,35,5,1.0,1.0
2425,E0,2025-04-13,West Ham,Liverpool,0,1,2,0,32,35,2,0.8,1.4
2425,E0,2025-04-19,West Ham,Southampton,1,1,1,1,33,36,3,1.0,1.4
2425,E0,2025-04-26,West Ham,Brighton,0,2,3,0,34,36,2,1.2,1.8
2425,E0,2025-05-04,West Ham,Tottenham,1,1,1,1,35,37,3,1.4,1.8
2425,E0,2025-05-11,West Ham,Man United,0,2,0,3,36,40,5,1.4,1.4
2425,E0,2025-05-18,West Ham,Nott'm Forest,1,1,2,0,37,40,5,1.4,1.4
2425,E0,2025-05-25,West Ham,Ipswich,0,3,1,3,38,43,7,1.8,1.4
2425,E0,2024-08-17,Wolves,Arsenal,0,0,2,0,1,0,0,0.0,2.0
2425,E0,2024-08-25,Wolves,Chelsea,1,2,6,0,2,0,0,1.0,4.0
2425,E0,2024-08-31,Wolves,Nott'm Forest,0,1,1,1,3,1,1,1.0,3.0
2425,E0,2024-09-15,Wolves,Newcastle,1,1,2,0,4,1,1,1.0,2.75
2425,E0,2024-09-21,Wolves,Aston Villa,0,1,3,0,5,1,1,1.0,2.8
2425,E0,2024-09-28,Wolves,Liverpool,1,1,2,0,6,1,1,1.2,2.8
2425,E0,2024-10-05,Wolves,Brentford,0,3,5,0,7,1,1,1.4,2.6
2425,E0,2024-10-20,Wolves,Man City,1,1,2,0,8,1,0,1.4,2.8
2425,E0,2024-10-26,Wolves,Brighton,0,2,2,1,9,2,1,1.6,2.8
2425,E0,2024-11-02,Wolves,Crystal Palace,1,2,2,1,10,3,2,1.8,2.6
2425,E0,2024-11-09,Wolves,Southampton,1,2,0,3,11,6,5,2.0,2.2
2425,E0,2024-11-23,Wolves,Fulham,0,4,1,3,12,9,8,2.2,1.4
2425,E0,2024-11-30,Wolves,Bournemouth,1,2,4,0,13,9,8,2.4,1.8
2425,E0,2024-12-04,Wolves,Everton,0,0,4,0,14,9,7,2.0,2.2
2425,E0,2024-12-09,Wolves,West Ham,0,1,2,0,15,9,6,1.8,2.2
2425,E0,2024-12-14,Wolves,Ipswich,1,1,2,0,16,9,3,1.6,2.6
2425,E0,2024-12-22,Wolves,Leicester,0,3,0,3,17,12,3,1.4,2.4
2425,E0,2024-12-26,Wolves,Man United,1,2,0,3,18,15,6,1.4,1.6
2425,E0,2024-12-29,Wolves,Tottenham,0,2,2,1,19,16,7,1.8,1.2
2425,E0,2025-01-06,Wolves,Nott'm Forest,1,0,3,0,20,16,7,1.6,1.4
2425,E0,2025-01-15,Wolves,Newcastle,0,0,3,0,21,16,7,1.4,1.6
2425,E0,2025-01-20,Wolves,Chelsea,0,1,3,0,22,16,4,1.0,2.2
2425,E0,2025-01-25,Wolves,Arsenal,1,0,1,0,23,16,1,0.6,2.4
2425,E0,2025-02-01,Wolves,Aston Villa,1,2,0,3,24,19,3,0.6,2.0
2425,E0,2025-02-16,Wolves,Liverpool,0,1,2,0,25,19,3,0.8,1.8
2425,E0,2025-02-22,Wolves,Bournemouth,0,1,0,3,26,22,6,1.0,1.2
2425,E0,2025-02-25,Wolves,Fulham,1,1,2,0,27,22,6,1.0,1.0
2425,E0,2025-03-08,Wolves,Everton,1,1,1,1,28,23,7,1.2,1.0
2425,E0,2025-03-15,Wolves,Southampton,0,2,1,3,29,26,7,1.2,1.2
2425,E0,2025-04-01,Wolves,West Ham,1,1,0,3,30,29,10,1.2,0.8
2425,E0,2025-04-05,Wolves,Ipswich,0,2,1,3,31,32,10,1.4,1.0
2425,E0,2025-04-13,Wolves,Tottenham,1,4,2,3,32,35,13,2.0,1.0
2425,E0,2025-04-20,Wolves,Man United,0,1,0,3,33,38,15,2.0,0.8
2425,E0,2025-04-26,Wolves,Leicester,1,3,0,3,34,41,15,2.2,0.6
2425,E0,2025-05-02,Wolves,Man City,0,0,1,0,35,41,12,2.0,0.8
2425,E0,2025-05-10,Wolves,Brighton,1,0,2,0,36,41,9,1.6,1.0
2425,E0,2025-05-20,Wolves,Crystal Palace,0,2,4,0,37,41,6,1.2,1.4
2425,E0,2025-05-25,Wolves,Brentford,1,1,1,1,38,42,4,1.2,1.6
2425,SP1,2024-08-16,Alaves,Celta,0,1,2,0,1,0,0,1.0,2.0
2425,SP1,2024-08-25,Alaves,Betis,1,0,0,1,2,1,1,0.5,1.0
2425,SP1,2024-08-28,Alaves,Sociedad,0,2,1,3,3,4,4,1.0,1.0
2425,SP1,2024-09-01,Alaves,Las Palmas,1,2,0,3,4,7,7,1.25,0.75
2425,SP1,2024-09-14,Alaves,Espanol,0,2,3,0,5,7,7,1.4,1.2
2425,SP1,2024-09-20,Alaves,Sevilla,1,2,1,3,6,10,10,1.6,1.0
2425,SP1,2024-09-24,Alaves,Real Madrid,0,2,3,0,7,10,9,2.0,1.6
2425,SP1,2024-09-28,Alaves,Getafe,0,0,2,0,8,10,6,1.6,1.8
2425,SP1,2024-10-06,Alaves,Barcelona,1,0,3,0,9,10,3,1.2,2.4
2425,SP1,2024-10-18,Alaves,Valladolid,1,2,3,0,10,10,3,1.2,2.4
2425,SP1,2024-10-26,Alaves,Vallecano,0,0,1,0,11,10,0,0.8,2.4
2425,SP1,2024-11-01,Alaves,Mallorca,1,1,0,3,12,13,3,0.6,1.8
2425,SP1,2024-11-09,Alaves,Villarreal,0,0,3,0,13,13,3,0.6,2.0
2425,SP1,2024-11-23,Alaves,Ath Madrid,0,1,2,0,14,13,3,0.8,1.8
2425,SP1,2024-11-30,Alaves,Leganes,1,1,1,1,15,14,4,0.6,1.4
2425,SP1,2024-12-08,Alaves,Osasuna,0,2,2,1,16,15,5,1.0,1.6
2425,SP1,2024-12-15,Alaves,Ath Bilbao,1,1,1,1,17,16,3,1.0,1.8
2425,SP1,2024-12-22,Alaves,Valencia,0,2,2,1,18,17,4,1.4,1.6
2425,SP1,2025-01-11,Alaves,Girona,1,0,1,0,19,17,4,1.2,1.4
2425,SP1,2025-01-18,Alaves,Betis,0,3,1,3,20,20,6,1.6,1.4
2425,SP1,2025-01-27,Alaves,Celta,1,1,1,1,21,21,6,1.4,1.2
2425,SP1,2025-02-02,Alaves,Barcelona,0,0,1,0,22,21,5,1.2,1.2
2425,SP1,2025-02-09,Alaves,Getafe,1,0,1,0,23,21,4,0.8,1.0
2425,SP1,2025-02-15,Alaves,Leganes,0,3,3,1,24,22,5,1.4,1.4
2425,SP1,2025-02-22,Alaves,Espanol,1,0,1,0,25,22,2,0.8,1.4
2425,SP1,2025-03-02,Alaves,Mallorca,0,1,1,1,26,23,2,0.8,1.4
2425,SP1,2025-03-08,Alaves,Villarreal,1,1,0,3,27,26,5,1.0,1.2
2425,SP1,2025-03-14,Alaves,Las Palmas,0,2,2,1,28,27,6,1.4,1.4
2425,SP1,2025-03-29,Alaves,Vallecano,1,0,2,0,29,27,5,0.8,1.2
2425,SP1,2025-04-05,Alaves,Girona,0,1,0,3,30,30,8,1.0,1.0
2425,SP1,2025-04-13,Alaves,Real Madrid,1,0,1,0,31,30,7,0.8,1.0
2425,SP1,2025-04-20,Alaves,Sevilla,0,1,1,1,32,31,5,0.8,1.2
2425,SP1,2025-04-23,Alaves,Sociedad,1,1,0,3,33,34,7,0.6,0.8
2425,SP1,2025-05-03,Alaves,Ath Madrid,1,0,0,1,34,35,8,0.6,0.4
2425,SP1,2025-05-11,Alaves,Ath Bilbao,0,0,1,0,35,35,5,0.4,0.6
2425,SP1,2025-05-14,Alaves,Valencia,1,1,0,3,36,38,8,0.6,0.4
2425,SP1,2025-05-18,Alaves,Valladolid,0,1,0,3,37,41,10,0.6,0.2
2425,SP1,2025-05-24,Alaves,Osasuna,1,1,1,1,38,42,8,0.6,0.4
2425,SP1,2024-08-15,Ath Bilbao,Getafe,1,1,1,1,1,1,1,1.0,1.0
2425,SP1,2024-08-24,Ath Bilbao,Barcelona,0,1,2,0,2,1,1,1.0,1.5
2425,SP1,2024-08-28,Ath Bilbao,Valencia,1,1,0,3,3,4,4,1.0,1.0
2425,SP1,2024-08-31,Ath Bilbao,Ath Madrid,1,0,1,0,4,4,4,0.75,1.0
2425,SP1,2024-09-15,Ath Bilbao,Las Palmas,0,3,2,3,5,7,7,1.2,1.2
2425,SP1,2024-09-19,Ath Bilbao,Leganes,0,2,0,3,6,10,9,1.4,1.0
2425,SP1,2024-09-22,Ath Bilbao,Celta,1,3,1,3,7,13,12,1.8,0.8
2425,SP1,2024-09-29,Ath Bilbao,Sevilla,1,1,1,1,8,14,10,1.8,1.0
2425,SP1,2024-10-06,Ath Bilbao,Girona,0,1,2,0,9,14,10,2.0,1.2
2425,SP1,2024-10-19,Ath Bilbao,Espanol,1,4,1,3,10,17,10,2.2,1.0
2425,SP1,2024-10-28,Ath Bilbao,Mallorca,0,0,0,1,11,18,8,1.8,1.0
2425,SP1,2024-11-03,Ath Bilbao,Betis,1,1,1,1,12,19,6,1.4,1.0
2425,SP1,2024-11-10,Ath Bilbao,Valladolid,0,1,1,1,13,20,6,1.4,1.0
2425,SP1,2024-11-24,Ath Bilbao,Sociedad,1,1,0,3,14,23,9,1.4,0.6
2425,SP1,2024-12-01,Ath Bilbao,Vallecano,0,2,1,3,15,26,9,1.0,0.6
2425,SP1,2024-12-04,Ath Bilbao,Real Madrid,1,2,1,3,16,29,11,1.4,0.8
2425,SP1,2024-12-08,Ath Bilbao,Villarreal,1,2,0,3,17,32,13,1.6,0.6
2425,SP1,2024-12-15,Ath Bilbao,Alaves,0,1,1,1,18,33,13,1.6,0.6
2425,SP1,2024-12-21,Ath Bilbao,Osasuna,0,2,1,3,19,36,13,1.8,0.8
2425,SP1,2025-01-19,Ath Bilbao,Celta,0,2,1,3,20,39,13,1.8,0.8
2425,SP1,2025-01-26,Ath Bilbao,Leganes,1,0,0,1,21,40,11,1.4,0.6
2425,SP1,2025-02-02,Ath Bilbao,Betis,0,2,2,1,22,41,9,1.4,1.0
2425,SP1,2025-02-08,Ath Bilbao,Girona,1,3,0,3,23,44,11,1.8,0.8
2425,SP1,2025-02-16,Ath Bilbao,Espanol,0,1,1,1,24,45,9,1.6,0.8
2425,SP1,2025-02-23,Ath Bilbao,Valladolid,1,7,1,3,25,48,9,2.6,0.8
2425,SP1,2025-03-01,Ath Bilbao,Ath Madrid,0,0,1,0,26,48,8,2.6,1.0
2425,SP1,2025-03-09,Ath Bilbao,Mallorca,1,1,1,1,27,49,8,2.4,0.8
2425,SP1,2025-03-16,Ath Bilbao,Sevilla,0,1,0,3,28,52,8,2.0,0.8
2425,SP1,2025-03-30,Ath Bilbao,Osasuna,1,0,0,1,29,53,8,1.8,0.6
2425,SP1,2025-04-06,Ath Bilbao,Villarreal,0,0,0,1,30,54,6,0.4,0.4
2425,SP1,2025-04-13,Ath Bilbao,Vallecano,1,3,1,3,31,57,9,1.0,0.4
2425,SP1,2025-04-20,Ath Bilbao,Real Madrid,0,0,1,0,32,57,8,0.8,0.4
2425,SP1,2025-04-23,Ath Bilbao,Las Palmas,1,1,0,3,33,60,8,0.8,0.4
2425,SP1,2025-05-04,Ath Bilbao,Sociedad,0,0,0,1,34,61,8,0.8,0.4
2425,SP1,2025-05-11,Ath Bilbao,Alaves,1,1,0,3,35,64,10,1.0,0.4
2425,SP1,2025-05-15,Ath Bilbao,Getafe,0,2,0,3,36,67,10,0.8,0.2
2425,SP1,2025-05-18,Ath Bilbao,Valencia,0,1,0,3,37,70,13,1.0,0.0
2425,SP1,2025-05-25,Ath Bilbao,Barcelona,1,0,3,0,38,70,10,0.8,0.6
2425,SP1,2024-08-19,Ath Madrid,Villarreal,0,2,2,1,1,1,1,2.0,2.0
2425,SP1,2024-08-25,Ath Madrid,Girona,1,3,0,3,2,4,4,2.5,1.0
2425,SP1,2024-08-28,Ath Madrid,Espanol,1,0,0,1,3,5,5,1.6666666666666667,0.6666666666666666
2425,SP1,2024-08-31,Ath Madrid,Ath Bilbao,0,1,0,3,4,8,8,1.5,0.5
2425,SP1,2024-09-15,Ath Madrid,Valencia,1,3,0,3,5,11,11,1.8,0.4
2425,SP1,2024-09-22,Ath Madrid,Vallecano,0,1,1,1,6,12,11,1.6,0.2
2425,SP1,2024-09-26,Ath Madrid,Celta,0,1,0,3,7,15,11,1.2,0.2
2425,SP1,2024-09-29,Ath Madrid,Real Madrid,1,1,1,1,8,16,11,1.4,0.4
2425,SP1,2024-10-06,Ath Madrid,Sociedad,0,1,1,1,9,17,9,1.4,0.6
2425,SP1,2024-10-20,Ath Madrid,Leganes,1,3,1,3,10,20,9,1.4,0.8
2425,SP1,2024-10-27,Ath Madrid,Betis,0,0,1,0,11,20,8,1.2,0.8
2425,SP1,2024-11-03,Ath Madrid,Las Palmas,1,2,0,3,12,23,8,1.4,0.8
2425,SP1,2024-11-10,Ath Madrid,Mallorca,0,1,0,3,13,26,10,1.4,0.6
2425,SP1,2024-11-23,Ath Madrid,Alaves,1,2,1,3,14,29,12,1.6,0.6
2425,SP1,2024-11-30,Ath Madrid,Valladolid,0,5,0,3,15,32,12,2.0,0.4
2425,SP1,2024-12-08,Ath Madrid,Sevilla,1,4,3,3,16,35,15,2.8,0.8
2425,SP1,2024-12-15,Ath Madrid,Getafe,1,1,0,3,17,38,15,2.6,0.8
2425,SP1,2024-12-21,Ath Madrid,Barcelona,0,2,1,3,18,41,15,2.8,1.0
2425,SP1,2025-01-12,Ath Madrid,Osasuna,1,1,0,3,19,44,15,2.6,0.8
2425,SP1,2025-01-18,Ath Madrid,Leganes,0,0,1,0,20,44,12,1.6,1.0
2425,SP1,2025-01-25,Ath Madrid,Villarreal,1,1,1,1,21,45,10,1.0,0.6
2425,SP1,2025-02-01,Ath Madrid,Mallorca,1,2,0,3,22,48,10,1.2,0.6
2425,SP1,2025-02-08,Ath Madrid,Real Madrid,0,1,1,1,23,49,8,1.0,0.6
2425,SP1,2025-02-15,Ath Madrid,Celta,1,1,1,1,24,50,6,1.0,0.8
2425,SP1,2025-02-22,Ath Madrid,Valencia,0,3,0,3,25,53,9,1.6,0.6
2425,SP1,2025-03-01,Ath Madrid,Ath Bilbao,1,1,0,3,26,56,11,1.6,0.4
2425,SP1,2025-03-09,Ath Madrid,Getafe,0,1,2,0,27,56,8,1.4,0.8
2425,SP1,2025-03-16,Ath Madrid,Barcelona,1,2,4,0,28,56,7,1.6,1.4
2425,SP1,2025-03-29,Ath Madrid,Espanol,0,1,1,1,29,57,7,1.6,1.4
2425,SP1,2025-04-06,Ath Madrid,Sevilla,0,2,1,3,30,60,7,1.4,1.6
2425,SP1,2025-04-14,Ath Madrid,Valladolid,1,4,2,3,31,63,7,2.0,2.0
2425,SP1,2025-04-19,Ath Madrid,Las Palmas,0,0,1,0,32,63,7,1.8,1.8
2425,SP1,2025-04-24,Ath Madrid,Vallecano,1,3,0,3,33,66,10,2.0,1.0
2425,SP1,2025-05-03,Ath Madrid,Alaves,0,0,0,1,34,67,10,1.8,0.8
2425,SP1,2025-05-10,Ath Madrid,Sociedad,1,4,0,3,35,70,10,2.2,0.6
2425,SP1,2025-05-15,Ath Madrid,Osasuna,0,0,2,0,36,70,7,1.4,0.6
2425,SP1,2025-05-18,Ath Madrid,Betis,1,4,1,3,37,73,10,2.2,0.6
2425,SP1,2025-05-25,Ath Madrid,Girona,0,4,0,3,38,76,10,2.4,0.6
2425,SP1,2024-08-17,Barcelona,Valencia,0,2,1,3,1,3,3,2.0,1.0
2425,SP1,2024-08-24,Barcelona,Ath Bilbao,1,2,1,3,2,6,6,2.0,1.0
2425,SP1,2024-08-27,Barcelona,Vallecano,0,2,1,3,3,9,9,2.0,1.0
2425,SP1,2024-08-31,Barcelona,Valladolid,1,7,0,3,4,12,12,3.25,0.75
2425,SP1,2024-09-15,Barcelona,Girona,0,4,1,3,5,15,15,3.4,0.8
2425,SP1,2024-09-22,Barcelona,Villarreal,0,5,1,3,6,18,15,4.0,0.8
2425,SP1,2024-09-25,Barcelona,Getafe,1,1,0,3,7,21,15,3.8,0.6
2425,SP1,2024-09-28,Barcelona,Osasuna,0,2,4,0,8,21,12,3.8,1.2
2425,SP1,2024-10-06,Barcelona,Alaves,0,3,0,3,9,24,12,3.0,1.2
2425,SP1,2024-10-20,Barcelona,Sevilla,1,5,1,3,10,27,12,3.2,1.2
2425,SP1,2024-10-26,Barcelona,Real Madrid,0,4,0,3,11,30,12,3.0,1.0
2425,SP1,2024-11-03,Barcelona,Espanol,1,3,1,3,12,33,12,3.4,1.2
2425,SP1,2024-11-10,Barcelona,Sociedad,0,0,1,0,13,33,12,3.0,0.6
2425,SP1,2024-11-23,Barcelona,Celta,0,2,2,1,14,34,10,2.8,1.0
2425,SP1,2024-11-30,Barcelona,Las Palmas,1,1,2,0,15,34,7,2.0,1.2
2425,SP1,2024-12-03,Barcelona,Mallorca,0,5,1,3,16,37,7,2.2,1.4
2425,SP1,2024-12-07,Barcelona,Betis,0,2,2,1,17,38,5,2.0,1.6
2425,SP1,2024-12-15,Barcelona,Leganes,1,0,1,0,18,38,5,2.0,1.6
2425,SP1,2024-12-21,Barcelona,Ath Madrid,1,1,2,0,19,38,4,1.8,1.6
2425,SP1,2025-01-18,Barcelona,Getafe,0,1,1,1,20,39,5,1.8,1.4
2425,SP1,2025-01-26,Barcelona,Valencia,1,7,1,3,21,42,5,2.2,1.4
2425,SP1,2025-02-02,Barcelona,Alaves,1,1,0,3,22,45,7,2.0,1.0
2425,SP1,2025-02-09,Barcelona,Sevilla,0,4,1,3,23,48,10,2.8,1.0
2425,SP1,2025-02-17,Barcelona,Vallecano,1,1,0,3,24,51,13,2.8,0.6
2425,SP1,2025-02-22,Barcelona,Las Palmas,0,2,0,3,25,54,15,3.0,0.4
2425,SP1,2025-03-02,Barcelona,Sociedad,1,4,0,3,26,57,15,2.4,0.2
2425,SP1,2025-03-16,Barcelona,Ath Madrid,0,4,2,3,27,60,15,3.0,0.6
2425,SP1,2025-03-27,Barcelona,Osasuna,1,3,0,3,28,63,15,2.8,0.4
2425,SP1,2025-03-30,Barcelona,Girona,1,4,1,3,29,66,15,3.4,0.6
2425,SP1,2025-04-05,Barcelona,Betis,1,1,1,1,30,67,13,3.2,0.8
2425,SP1,2025-04-12,Barcelona,Leganes,0,1,0,3,31,70,13,2.6,0.8
2425,SP1,2025-04-19,Barcelona,Celta,1,4,3,3,32,73,13,2.6,1.0
2425,SP1,2025-04-22,Barcelona,Mallorca,1,1,0,3,33,76,13,2.2,1.0
2425,SP1,2025-05-03,Barcelona,Valladolid,0,2,1,3,34,79,13,1.8,1.0
2425,SP1,2025-05-11,Barcelona,Real Madrid,1,4,3,3,35,82,15,2.4,1.4
2425,SP1,2025-05-15,Barcelona,Espanol,0,2,0,3,36,85,15,2.6,1.4
2425,SP1,2025-05-18,Barcelona,Villarreal,1,2,3,0,37,85,12,2.2,1.4
2425,SP1,2025-05-25,Barcelona,Ath Bilbao,0,3,0,3,38,88,12,2.6,1.4
2425,SP1,2024-08-15,Betis,Girona,1,1,1,1,1,1,1,1.0,1.0
2425,SP1,2024-08-25,Betis,Alaves,0,0,0,1,2,2,2,0.5,0.5
2425,SP1,2024-09-01,Betis,Real Madrid,0,0,2,0,3,2,2,0.3333333333333333,1.0
2425,SP1,2024-09-13,Betis,Leganes,1,2,0,3,4,5,5,0.75,0.75
2425,SP1,2024-09-18,Betis,Getafe,1,2,1,3,5,8,8,1.0,0.8
2425,SP1,2024-09-23,Betis,Mallorca,1,1,2,0,6,8,7,1.0,1.0
2425,SP1,2024-09-26,Betis,Las Palmas,0,1,1,1,7,9,7,1.2,1.2
2425,SP1,2024-09-29,Betis,Espanol,1,1,0,3,8,12,10,1.4,0.8
2425,SP1,2024-10-06,Betis,Sevilla,0,0,1,0,9,12,7,1.0,1.0
2425,SP1,2024-10-19,Betis,Osasuna,0,2,1,3,10,15,7,1.0,1.0
2425,SP1,2024-10-27,Betis,Ath Madrid,1,1,0,3,11,18,10,1.0,0.6
2425,SP1,2024-11-03,Betis,Ath Bilbao,0,1,1,1,12,19,10,1.0,0.6
2425,SP1,2024-11-10,Betis,Celta,1,2,2,1,13,20,8,1.2,1.0
2425,SP1,2024-11-23,Betis,Valencia,0,2,4,0,14,20,8,1.6,1.6
2425,SP1,2024-12-01,Betis,Sociedad,0,0,2,0,15,20,5,1.2,1.8
2425,SP1,2024-12-07,Betis,Barcelona,1,2,2,1,16,21,3,1.4,2.2
2425,SP1,2024-12-15,Betis,Villarreal,0,2,1,3,17,24,5,1.6,2.2
2425,SP1,2024-12-22,Betis,Vallecano,1,1,1,1,18,25,5,1.4,2.0
2425,SP1,2025-01-11,Betis,Valladolid,0,0,1,0,19,25,5,1.0,1.4
2425,SP1,2025-01-18,Betis,Alaves,1,1,3,0,20,25,5,1.2,1.6
2425,SP1,2025-01-25,Betis,Mallorca,0,1,0,3,21,28,7,1.0,1.2
2425,SP1,2025-02-02,Betis,Ath Bilbao,1,2,2,1,22,29,5,1.0,1.4
2425,SP1,2025-02-08,Betis,Celta,0,2,3,0,23,29,4,1.2,1.8
2425,SP1,2025-02-16,Betis,Sociedad,1,3,0,3,24,32,7,1.8,1.6
2425,SP1,2025-02-23,Betis,Getafe,0,2,1,3,25,35,10,2.0,1.2
2425,SP1,2025-03-01,Betis,Real Madrid,1,2,1,3,26,38,10,2.2,1.4
2425,SP1,2025-03-09,Betis,Las Palmas,1,1,0,3,27,41,12,2.0,1.0
2425,SP1,2025-03-16,Betis,Leganes,0,3,2,3,28,44,15,2.2,0.8
2425,SP1,2025-03-30,Betis,Sevilla,1,2,1,3,29,47,15,2.0,1.0
2425,SP1,2025-04-05,Betis,Barcelona,0,1,1,1,30,48,13,1.8,1.0
2425,SP1,2025-04-13,Betis,Villarreal,1,1,2,0,31,48,10,1.6,1.2
2425,SP1,2025-04-21,Betis,Girona,0,3,1,3,32,51,10,2.0,1.4
2425,SP1,2025-04-24,Betis,Valladolid,1,5,1,3,33,54,10,2.4,1.2
2425,SP1,2025-05-04,Betis,Espanol,0,2,1,3,34,57,10,2.4,1.2
2425,SP1,2025-05-11,Betis,Osasuna,1,1,1,1,35,58,10,2.4,1.2
2425,SP1,2025-05-15,Betis,Vallecano,0,2,2,1,36,59,11,2.6,1.2
2425,SP1,2025-05-18,Betis,Ath Madrid,0,1,4,0,37,59,8,2.2,1.8
2425,SP1,2025-05-23,Betis,Valencia,1,1,1,1,38,60,6,1.4,1.8
2425,SP1,2024-08-16,Celta,Alaves,1,2,1,3,1,3,3,2.0,1.0
2425,SP1,2024-08-23,Celta,Valencia,1,3,1,3,2,6,6,2.5,1.0
2425,SP1,2024-08-26,Celta,Villarreal,0,3,4,0,3,6,6,2.6666666666666665,2.0
2425,SP1,2024-09-01,Celta,Osasuna,0,2,3,0,4,6,6,2.5,2.25
2425,SP1,2024-09-15,Celta,Valladolid,1,3,1,3,5,9,9,2.6,2.0
2425,SP1,2024-09-22,Celta,Ath Bilbao,0,1,3,0,6,9,6,2.4,2.4
2425,SP1,2024-09-26,Celta,Ath Madrid,1,0,1,0,7,9,3,1.8,2.4
2425,SP1,2024-09-29,Celta,Girona,1,1,1,1,8,10,4,1.4,1.8
2425,SP1,2024-10-05,Celta,Las Palmas,0,1,0,3,9,13,7,1.2,1.2
2425,SP1,2024-10-19,Celta,Real Madrid,1,1,2,0,10,13,4,0.8,1.4
2425,SP1,2024-10-27,Celta,Leganes,0,0,3,0,11,13,4,0.6,1.4
2425,SP1,2024-11-04,Celta,Getafe,1,1,0,3,12,16,7,0.8,1.2
2425,SP1,2024-11-10,Celta,Betis,0,2,2,1,13,17,7,1.0,1.4
2425,SP1,2024-11-23,Celta,Barcelona,1,2,2,1,14,18,5,1.2,1.8
2425,SP1,2024-11-30,Celta,Espanol,0,1,3,0,15,18,5,1.2,2.0
2425,SP1,2024-12-06,Celta,Mallorca,1,2,0,3,16,21,8,1.6,1.4
2425,SP1,2024-12-14,Celta,Sevilla,0,0,1,0,17,21,5,1.4,1.6
2425,SP1,2024-12-21,Celta,Sociedad,1,2,0,3,18,24,7,1.4,1.2
2425,SP1,2025-01-10,Celta,Vallecano,0,1,2,0,19,24,6,1.2,1.2
2425,SP1,2025-01-19,Celta,Ath Bilbao,1,1,2,0,20,24,6,1.2,1.0
2425,SP1,2025-01-27,Celta,Alaves,0,1,1,1,21,25,4,1.0,1.2
2425,SP1,2025-02-02,Celta,Valencia,0,1,2,0,22,25,4,1.2,1.4
2425,SP1,2025-02-08,Celta,Betis,1,3,2,3,23,28,4,1.4,1.8
2425,SP1,2025-02-15,Celta,Ath Madrid,0,1,1,1,24,29,5,1.4,1.6
2425,SP1,2025-02-21,Celta,Osasuna,1,1,0,3,25,32,8,1.4,1.2
2425,SP1,2025-03-01,Celta,Girona,0,2,2,1,26,33,8,1.6,1.4
2425,SP1,2025-03-08,Celta,Leganes,1,2,1,3,27,36,11,1.8,1.2
2425,SP1,2025-03-15,Celta,Valladolid,0,1,0,3,28,39,11,1.4,0.8
2425,SP1,2025-03-31,Celta,Las Palmas,1,1,1,1,29,40,11,1.4,0.8
2425,SP1,2025-04-05,Celta,Mallorca,0,2,1,3,30,43,11,1.6,1.0
2425,SP1,2025-04-12,Celta,Espanol,1,0,2,0,31,43,10,1.2,1.0
2425,SP1,2025-04-19,Celta,Barcelona,0,3,4,0,32,43,7,1.4,1.6
2425,SP1,2025-04-23,Celta,Villarreal,1,3,0,3,33,46,7,1.8,1.6
2425,SP1,2025-05-04,Celta,Real Madrid,0,2,3,0,34,46,6,2.0,2.0
2425,SP1,2025-05-10,Celta,Sevilla,1,3,2,3,35,49,6,2.2,2.2
2425,SP1,2025-05-13,Celta,Sociedad,0,1,0,3,36,52,9,2.4,1.8
2425,SP1,2025-05-18,Celta,Vallecano,1,1,2,0,37,52,9,2.0,1.4
2425,SP1,2025-05-24,Celta,Getafe,0,2,1,3,38,55,9,1.8,1.6
2425,SP1,2024-08-19,Espanol,Valladolid,0,0,1,0,1,0,0,0.0,1.0
2425,SP1,2024-08-24,Espanol,Sociedad,1,0,1,0,2,0,0,0.0,1.0
2425,SP1,2024-08-28,Espanol,Ath Madrid,0,0,0,1,3,1,1,0.0,0.6666666666666666
2425,SP1,2024-08-31,Espanol,Vallecano,1,2,1,3,4,4,4,0.5,0.75
2425,SP1,2024-09-14,Espanol,Alaves,1,3,2,3,5,7,7,1.0,1.0
2425,SP1,2024-09-21,Espanol,Real Madrid,0,1,4,0,6,7,7,1.2,1.6
2425,SP1,2024-09-26,Espanol,Villarreal,1,1,2,0,7,7,7,1.4,1.8
2425,SP1,2024-09-29,Espanol,Betis,0,0,1,0,8,7,6,1.4,2.0
2425,SP1,2024-10-05,Espanol,Mallorca,1,2,1,3,9,10,6,1.4,2.0
2425,SP1,2024-10-19,Espanol,Ath Bilbao,0,1,4,0,10,10,3,1.0,2.4
2425,SP1,2024-10-25,Espanol,Sevilla,1,0,2,0,11,10,3,0.8,2.0
2425,SP1,2024-11-03,Espanol,Barcelona,0,1,3,0,12,10,3,0.8,2.2
2425,SP1,2024-11-23,Espanol,Girona,0,1,4,0,13,10,3,1.0,2.8
2425,SP1,2024-11-30,Espanol,Celta,1,3,1,3,14,13,3,1.2,2.8
2425,SP1,2024-12-09,Espanol,Getafe,0,0,1,0,15,13,3,1.0,2.2
2425,SP1,2024-12-14,Espanol,Osasuna,1,0,0,1,16,14,4,1.0,1.8
2425,SP1,2024-12-18,Espanol,Valencia,1,1,1,1,17,15,5,1.0,1.4
2425,SP1,2024-12-22,Espanol,Las Palmas,0,0,1,0,18,15,5,0.8,0.8
2425,SP1,2025-01-11,Espanol,Leganes,1,1,1,1,19,16,3,0.4,0.8
2425,SP1,2025-01-17,Espanol,Valladolid,1,2,1,3,20,19,6,0.8,0.8
2425,SP1,2025-01-25,Espanol,Sevilla,0,1,1,1,21,20,6,1.0,1.0
2425,SP1,2025-02-01,Espanol,Real Madrid,1,1,0,3,22,23,8,1.0,0.8
2425,SP1,2025-02-09,Espanol,Sociedad,0,1,2,0,23,23,8,1.2,1.0
2425,SP1,2025-02-16,Espanol,Ath Bilbao,1,1,1,1,24,24,8,1.2,1.0
2425,SP1,2025-02-22,Espanol,Alaves,0,1,0,3,25,27,8,1.0,0.8
2425,SP1,2025-03-10,Espanol,Girona,1,1,1,1,26,28,8,1.0,0.8
2425,SP1,2025-03-15,Espanol,Mallorca,0,1,2,0,27,28,5,1.0,1.2
2425,SP1,2025-03-29,Espanol,Ath Madrid,1,1,1,1,28,29,6,1.0,1.0
2425,SP1,2025-04-04,Espanol,Vallecano,0,4,0,3,29,32,8,1.6,0.8
2425,SP1,2025-04-12,Espanol,Celta,0,2,0,3,30,35,8,1.8,0.8
2425,SP1,2025-04-18,Espanol,Getafe,1,1,0,3,31,38,10,1.8,0.6
2425,SP1,2025-04-22,Espanol,Valencia,0,1,1,1,32,39,11,1.8,0.4
2425,SP1,2025-04-27,Espanol,Villarreal,0,0,1,0,33,39,10,1.6,0.4
2425,SP1,2025-05-04,Espanol,Betis,1,1,2,0,34,39,7,1.0,0.8
2425,SP1,2025-05-11,Espanol,Leganes,0,2,3,0,35,39,4,1.0,1.4
2425,SP1,2025-05-15,Espanol,Barcelona,1,0,2,0,36,39,1,0.8,1.8
2425,SP1,2025-05-18,Espanol,Osasuna,0,0,2,0,37,39,0,0.6,2.0
2425,SP1,2025-05-24,Espanol,Las Palmas,1,2,0,3,38,42,3,1.0,1.8
2425,SP1,2024-08-15,Getafe,Ath Bilbao,0,1,1,1,1,1,1,1.0,1.0
2425,SP1,2024-08-24,Getafe,Vallecano,1,0,0,1,2,2,2,0.5,0.5
2425,SP1,2024-09-01,Getafe,Sociedad,1,0,0,1,3,3,3,0.3333333333333333,0.3333333333333333
2425,SP1,2024-09-14,Getafe,Sevilla,0,0,1,0,4,3,3,0.25,0.5
2425,SP1,2024-09-18,Getafe,Betis,0,1,2,0,5,3,3,0.4,0.8
2425,SP1,2024-09-22,Getafe,Leganes,1,1,1,1,6,4,3,0.4,0.8
2425,SP1,2024-09-25,Getafe,Barcelona,0,0,1,0,7,4,2,0.4,1.0
2425,SP1,2024-09-28,Getafe,Alaves,1,2,0,3,8,7,4,0.8,1.0
2425,SP1,2024-10-05,Getafe,Osasuna,1,1,1,1,9,8,5,1.0,1.0
2425,SP1,2024-10-20,Getafe,Villarreal,0,1,1,1,10,9,6,1.0,0.8
2425,SP1,2024-10-27,Getafe,Valencia,1,1,1,1,11,10,6,1.0,0.8
2425,SP1,2024-11-04,Getafe,Celta,0,0,1,0,12,10,6,1.0,0.8
2425,SP1,2024-11-10,Getafe,Girona,1,0,1,0,13,10,3,0.6,1.0
2425,SP1,2024-11-22,Getafe,Valladolid,1,2,0,3,14,13,5,0.8,0.8
2425,SP1,2024-12-01,Getafe,Real Madrid,0,0,2,0,15,13,4,0.6,1.0
2425,SP1,2024-12-09,Getafe,Espanol,1,1,0,3,16,16,6,0.6,0.8
2425,SP1,2024-12-15,Getafe,Ath Madrid,0,0,1,0,17,16,6,0.6,0.8
2425,SP1,2024-12-21,Getafe,Mallorca,1,0,1,0,18,16,6,0.6,0.8
2425,SP1,2025-01-12,Getafe,Las Palmas,0,2,1,3,19,19,6,0.6,1.0
2425,SP1,2025-01-18,Getafe,Barcelona,1,1,1,1,20,20,7,0.8,0.8
2425,SP1,2025-01-26,Getafe,Sociedad,0,3,0,3,21,23,7,1.2,0.8
2425,SP1,2025-02-01,Getafe,Sevilla,1,0,0,1,22,24,8,1.2,0.6
2425,SP1,2025-02-09,Getafe,Alaves,0,1,0,3,23,27,11,1.4,0.4
2425,SP1,2025-02-14,Getafe,Girona,0,2,1,3,24,30,11,1.4,0.4
2425,SP1,2025-02-23,Getafe,Betis,1,1,2,0,25,30,10,1.4,0.6
2425,SP1,2025-03-02,Getafe,Leganes,0,0,1,0,26,30,7,0.8,0.8
2425,SP1,2025-03-09,Getafe,Ath Madrid,1,2,1,3,27,33,9,1.2,1.0
2425,SP1,2025-03-16,Getafe,Osasuna,0,2,1,3,28,36,9,1.4,1.2
2425,SP1,2025-03-30,Getafe,Villarreal,1,1,2,0,29,36,6,1.2,1.4
2425,SP1,2025-04-06,Getafe,Valladolid,0,4,0,3,30,39,9,1.8,1.0
2425,SP1,2025-04-12,Getafe,Las Palmas,1,1,3,0,31,39,9,2.0,1.4
2425,SP1,2025-04-18,Getafe,Espanol,0,0,1,0,32,39,6,1.6,1.4
2425,SP1,2025-04-23,Getafe,Real Madrid,1,0,1,0,33,39,3,1.2,1.4
2425,SP1,2025-05-02,Getafe,Vallecano,0,0,1,0,34,39,3,1.0,1.2
2425,SP1,2025-05-10,Getafe,Valencia,0,0,3,0,35,39,0,0.2,1.8
2425,SP1,2025-05-15,Getafe,Ath Bilbao,1,0,2,0,36,39,0,0.0,1.6
2425,SP1,2025-05-18,Getafe,Mallorca,0,2,1,3,37,42,3,0.4,1.6
2425,SP1,2025-05-24,Getafe,Celta,1,1,2,0,38,42,3,0.6,1.8
2425,SP1,2024-08-15,Girona,Betis,0,1,1,1,1,1,1,1.0,1.0
2425,SP1,2024-08-25,Girona,Ath Madrid,0,0,3,0,2,1,1,0.5,2.0
2425,SP1,2024-08-29,Girona,Osasuna,1,4,0,3,3,4,4,1.6666666666666667,1.3333333333333333
2425,SP1,2024-09-01,Girona,Sevilla,0,2,0,3,4,7,7,1.75,1.0
2425,SP1,2024-09-15,Girona,Barcelona,1,1,4,0,5,7,7,1.6,1.6
2425,SP1,2024-09-21,Girona,Valencia,0,0,2,0,6,7,6,1.4,1.8
2425,SP1,2024-09-25,Girona,Vallecano,1,0,0,1,7,8,7,1.4,1.2
2425,SP1,2024-09-29,Girona,Celta,0,1,1,1,8,9,5,0.8,1.4
2425,SP1,2024-10-06,Girona,Ath Bilbao,1,2,1,3,9,12,5,0.8,1.6
2425,SP1,2024-10-19,Girona,Sociedad,1,0,1,0,10,12,5,0.6,1.0
2425,SP1,2024-10-26,Girona,Las Palmas,0,0,1,0,11,12,5,0.6,0.8
2425,SP1,2024-11-02,Girona,Leganes,1,4,3,3,12,15,7,1.4,1.4
2425,SP1,2024-11-10,Girona,Getafe,0,1,0,3,13,18,9,1.4,1.2
2425,SP1,2024-11-23,Girona,Espanol,1,4,1,3,14,21,9,1.8,1.2
2425,SP1,2024-12-01,Girona,Villarreal,0,2,2,1,15,22,10,2.2,1.4
2425,SP1,2024-12-07,Girona,Real Madrid,1,0,3,0,16,22,10,2.2,1.8
2425,SP1,2024-12-14,Girona,Mallorca,0,1,2,0,17,22,7,1.6,1.6
2425,SP1,2024-12-20,Girona,Valladolid,1,3,0,3,18,25,7,2.0,1.6
2425,SP1,2025-01-11,Girona,Alaves,0,1,0,3,19,28,7,1.4,1.4
2425,SP1,2025-01-18,Girona,Sevilla,1,1,2,0,20,28,6,1.2,1.4
2425,SP1,2025-01-26,Girona,Vallecano,0,1,2,0,21,28,6,1.4,1.2
2425,SP1,2025-02-03,Girona,Las Palmas,1,2,1,3,22,31,9,1.6,1.0
2425,SP1,2025-02-08,Girona,Ath Bilbao,0,0,3,0,23,31,6,1.0,1.6
2425,SP1,2025-02-14,Girona,Getafe,1,1,2,0,24,31,3,1.0,2.0
2425,SP1,2025-02-23,Girona,Real Madrid,0,0,2,0,25,31,3,0.8,2.0
2425,SP1,2025-03-01,Girona,Celta,1,2,2,1,26,32,4,1.0,2.0
2425,SP1,2025-03-10,Girona,Espanol,0,1,1,1,27,33,2,0.8,2.0
2425,SP1,2025-03-15,Girona,Valencia,1,1,1,1,28,34,3,1.0,1.6
2425,SP1,2025-03-30,Girona,Barcelona,0,1,4,0,29,34,3,1.0,2.0
2425,SP1,2025-04-05,Girona,Alaves,1,0,1,0,30,34,3,1.0,1.8
2425,SP1,2025-04-13,Girona,Osasuna,0,1,2,0,31,34,2,0.8,1.8
2425,SP1,2025-04-21,Girona,Betis,1,1,3,0,32,34,1,0.8,2.2
2425,SP1,2025-04-24,Girona,Leganes,0,1,1,1,33,35,1,0.8,2.2
2425,SP1,2025-05-05,Girona,Mallorca,1,1,0,3,34,38,4,0.8,1.4
2425,SP1,2025-05-10,Girona,Villarreal,1,0,1,0,35,38,4,0.8,1.4
2425,SP1,2025-05-13,Girona,Valladolid,0,1,0,3,36,41,7,0.8,1.0
2425,SP1,2025-05-18,Girona,Sociedad,0,2,3,0,37,41,7,1.0,1.0
2425,SP1,2025-05-25,Girona,Ath Madrid,1,0,4,0,38,41,6,0.8,1.6
2425,SP1,2024-08-16,Las Palmas,Sevilla,1,2,2,1,1,1,1,2.0,2.0
2425,SP1,2024-08-25,Las Palmas,Leganes,0,1,2,0,2,1,1,1.5,2.0
2425,SP1,2024-08-29,Las Palmas,Real Madrid,1,1,1,1,3,2,2,1.3333333333333333,1.6666666666666667
2425,SP1,2024-09-01,Las Palmas,Alaves,0,0,2,0,4,2,2,1.0,1.75
2425,SP1,2024-09-15,Las Palmas,Ath Bilbao,1,2,3,0,5,2,2,1.2,2.0
2425,SP1,2024-09-21,Las Palmas,Osasuna,0,1,2,0,6,2,1,1.0,2.0
2425,SP1,2024-09-26,Las Palmas,Betis,1,1,1,1,7,3,2,1.0,1.8
2425,SP1,2024-09-30,Las Palmas,Villarreal,0,1,3,0,8,3,1,1.0,2.2
2425,SP1,2024-10-05,Las Palmas,Celta,1,0,1,0,9,3,1,1.0,2.0
2425,SP1,2024-10-21,Las Palmas,Valencia,0,3,2,3,10,6,4,1.2,1.8
2425,SP1,2024-10-26,Las Palmas,Girona,1,1,0,3,11,9,7,1.2,1.4
2425,SP1,2024-11-03,Las Palmas,Ath Madrid,0,0,2,0,12,9,6,1.0,1.6
2425,SP1,2024-11-08,Las Palmas,Vallecano,0,3,1,3,13,12,9,1.4,1.2
2425,SP1,2024-11-23,Las Palmas,Mallorca,1,2,3,0,14,12,9,1.8,1.6
2425,SP1,2024-11-30,Las Palmas,Barcelona,0,2,1,3,15,15,9,1.6,1.4
2425,SP1,2024-12-07,Las Palmas,Valladolid,1,2,1,3,16,18,9,1.8,1.6
2425,SP1,2024-12-15,Las Palmas,Sociedad,0,0,0,1,17,19,10,1.8,1.2
2425,SP1,2024-12-22,Las Palmas,Espanol,1,1,0,3,18,22,10,1.4,1.0
2425,SP1,2025-01-12,Las Palmas,Getafe,1,1,2,0,19,22,10,1.2,0.8
2425,SP1,2025-01-19,Las Palmas,Real Madrid,0,1,4,0,20,22,7,1.0,1.4
2425,SP1,2025-01-24,Las Palmas,Osasuna,1,1,1,1,21,23,5,0.8,1.4
2425,SP1,2025-02-03,Las Palmas,Girona,0,1,2,0,22,23,4,1.0,1.8
2425,SP1,2025-02-08,Las Palmas,Villarreal,1,1,2,0,23,23,1,1.0,2.2
2425,SP1,2025-02-16,Las Palmas,Mallorca,0,1,3,0,24,23,1,1.0,2.4
2425,SP1,2025-02-22,Las Palmas,Barcelona,1,0,2,0,25,23,1,0.8,2.0
2425,SP1,2025-02-28,Las Palmas,Valladolid,0,1,1,1,26,24,1,0.8,2.0
2425,SP1,2025-03-09,Las Palmas,Betis,0,0,1,0,27,24,1,0.6,1.8
2425,SP1,2025-03-14,Las Palmas,Alaves,1,2,2,1,28,25,2,0.8,1.8
2425,SP1,2025-03-31,Las Palmas,Celta,0,1,1,1,29,26,3,0.8,1.4
2425,SP1,2025-04-06,Las Palmas,Sociedad,1,1,3,0,30,26,3,1.0,1.6
2425,SP1,2025-04-12,Las Palmas,Getafe,0,3,1,3,31,29,5,1.4,1.6
2425,SP1,2025-04-19,Las Palmas,Ath Madrid,1,1,0,3,32,32,8,1.6,1.4
2425,SP1,2025-04-23,Las Palmas,Ath Bilbao,0,0,1,0,33,32,7,1.2,1.2
2425,SP1,2025-05-03,Las Palmas,Valencia,1,2,3,0,34,32,6,1.4,1.6
2425,SP1,2025-05-09,Las Palmas,Vallecano,1,0,1,0,35,32,6,1.2,1.2
2425,SP1,2025-05-13,Las Palmas,Sevilla,0,0,1,0,36,32,3,0.6,1.2
2425,SP1,2025-05-18,Las Palmas,Leganes,1,0,1,0,37,32,0,0.4,1.4
2425,SP1,2025-05-24,Las Palmas,Espanol,0,0,2,0,38,32,0,0.4,1.6
2425,SP1,2024-08-17,Leganes,Osasuna,0,1,1,1,1,1,1,1.0,1.0
2425,SP1,2024-08-25,Leganes,Las Palmas,1,2,1,3,2,4,4,1.5,1.0
2425,SP1,2024-08-28,Leganes,Valladolid,0,0,0,1,3,5,5,1.0,0.6666666666666666
2425,SP1,2024-08-31,Leganes,Mallorca,1,0,1,0,4,5,5,0.75,0.75
2425,SP1,2024-09-13,Leganes,Betis,0,0,2,0,5,5,5,0.6,1.0
2425,SP1,2024-09-19,Leganes,Ath Bilbao,1,0,2,0,6,5,4,0.4,1.2
2425,SP1,2024-09-22,Leganes,Getafe,0,1,1,1,7,6,2,0.2,1.2
2425,SP1,2024-09-28,Leganes,Vallecano,0,1,1,1,8,7,2,0.4,1.4
2425,SP1,2024-10-04,Leganes,Valencia,1,0,0,1,9,8,3,0.4,1.2
2425,SP1,2024-10-20,Leganes,Ath Madrid,0,1,3,0,10,8,3,0.6,1.4
2425,SP1,2024-10-27,Leganes,Celta,1,3,0,3,11,11,6,1.2,1.0
2425,SP1,2024-11-02,Leganes,Girona,0,3,4,0,12,11,5,1.6,1.6
2425,SP1,2024-11-09,Leganes,Sevilla,1,1,0,3,13,14,7,1.6,1.4
2425,SP1,2024-11-24,Leganes,Real Madrid,1,0,3,0,14,14,6,1.6,2.0
2425,SP1,2024-11-30,Leganes,Alaves,0,1,1,1,15,15,7,1.6,1.6
2425,SP1,2024-12-08,Leganes,Sociedad,1,0,3,0,16,15,4,1.0,2.2
2425,SP1,2024-12-15,Leganes,Barcelona,0,1,0,3,17,18,7,0.6,1.4
2425,SP1,2024-12-22,Leganes,Villarreal,1,2,5,0,18,18,4,0.8,2.4
2425,SP1,2025-01-11,Leganes,Espanol,0,1,1,1,19,19,5,1.0,2.0
2425,SP1,2025-01-18,Leganes,Ath Madrid,1,1,0,3,20,22,7,1.0,1.8
2425,SP1,2025-01-26,Leganes,Ath Bilbao,0,0,0,1,21,23,8,1.0,1.2
2425,SP1,2025-01-31,Leganes,Vallecano,1,0,1,0,22,23,5,0.8,1.4
2425,SP1,2025-02-09,Leganes,Valencia,0,0,2,0,23,23,5,0.4,0.8
2425,SP1,2025-02-15,Leganes,Alaves,1,3,3,1,24,24,5,0.8,1.2
2425,SP1,2025-02-23,Leganes,Sociedad,0,0,3,0,25,24,2,0.6,1.8
2425,SP1,2025-03-02,Leganes,Getafe,1,1,0,3,26,27,4,0.8,1.8
2425,SP1,2025-03-08,Leganes,Celta,0,1,2,0,27,27,4,1.0,2.0
2425,SP1,2025-03-16,Leganes,Betis,1,2,3,0,28,27,4,1.4,2.2
2425,SP1,2025-03-29,Leganes,Real Madrid,0,2,3,0,29,27,3,1.2,2.2
2425,SP1,2025-04-07,Leganes,Osasuna,1,1,1,1,30,28,4,1.4,1.8
2425,SP1,2025-04-12,Leganes,Barcelona,1,0,1,0,31,28,1,1.2,2.0
2425,SP1,2025-04-19,Leganes,Mallorca,0,0,0,1,32,29,2,1.0,1.6
2425,SP1,2025-04-24,Leganes,Girona,1,1,1,1,33,30,3,0.8,1.2
2425,SP1,2025-05-04,Leganes,Sevilla,0,2,2,1,34,31,4,0.8,1.0
2425,SP1,2025-05-11,Leganes,Espanol,1,3,2,3,35,34,6,1.2,1.2
2425,SP1,2025-05-14,Leganes,Villarreal,0,0,3,0,36,34,6,1.2,1.6
2425,SP1,2025-05-18,Leganes,Las Palmas,0,1,0,3,37,37,8,1.4,1.6
2425,SP1,2025-05-24,Leganes,Valladolid,1,3,0,3,38,40,10,1.8,1.4
2425,SP1,2024-08-18,Mallorca,Real Madrid,1,1,1,1,1,1,1,1.0,1.0
2425,SP1,2024-08-24,Mallorca,Osasuna,0,0,1,0,2,1,1,0.5,1.0
2425,SP1,2024-08-27,Mallorca,Sevilla,1,0,0,1,3,2,2,0.3333333333333333,0.6666666666666666
2425,SP1,2024-08-31,Mallorca,Leganes,0,1,0,3,4,5,5,0.5,0.5
2425,SP1,2024-09-14,Mallorca,Villarreal,1,1,2,0,5,5,5,0.6,0.8
2425,SP1,2024-09-17,Mallorca,Sociedad,1,1,0,3,6,8,7,0.6,0.6
2425,SP1,2024-09-23,Mallorca,Betis,0,2,1,3,7,11,10,1.0,0.6
2425,SP1,2024-09-27,Mallorca,Valladolid,0,2,1,3,8,14,12,1.4,0.8
2425,SP1,2024-10-05,Mallorca,Espanol,0,1,2,0,9,14,9,1.4,1.2
2425,SP1,2024-10-20,Mallorca,Vallecano,1,1,0,3,10,17,12,1.4,0.8
2425,SP1,2024-10-28,Mallorca,Ath Bilbao,1,0,0,1,11,18,10,1.2,0.8
2425,SP1,2024-11-01,Mallorca,Alaves,0,0,1,0,12,18,7,0.8,0.8
2425,SP1,2024-11-10,Mallorca,Ath Madrid,1,0,1,0,13,18,4,0.4,0.8
2425,SP1,2024-11-23,Mallorca,Las Palmas,0,3,2,3,14,21,7,0.8,0.8
2425,SP1,2024-11-29,Mallorca,Valencia,1,2,1,3,15,24,7,1.0,1.0
2425,SP1,2024-12-03,Mallorca,Barcelona,1,1,5,0,16,24,6,1.2,2.0
2425,SP1,2024-12-06,Mallorca,Celta,0,0,2,0,17,24,6,1.2,2.2
2425,SP1,2024-12-14,Mallorca,Girona,1,2,1,3,18,27,9,1.6,2.2
2425,SP1,2024-12-21,Mallorca,Getafe,0,1,0,3,19,30,9,1.2,1.8
2425,SP1,2025-01-20,Mallorca,Villarreal,0,0,4,0,20,30,6,0.8,2.4
2425,SP1,2025-01-25,Mallorca,Betis,1,0,1,0,21,30,6,0.6,1.6
2425,SP1,2025-02-01,Mallorca,Ath Madrid,0,0,2,0,22,30,6,0.6,1.6
2425,SP1,2025-02-10,Mallorca,Osasuna,1,1,1,1,23,31,4,0.4,1.6
2425,SP1,2025-02-16,Mallorca,Las Palmas,1,3,1,3,24,34,4,0.8,1.8
2425,SP1,2025-02-24,Mallorca,Sevilla,0,1,1,1,25,35,5,1.0,1.2
2425,SP1,2025-03-02,Mallorca,Alaves,1,1,1,1,26,36,6,1.2,1.2
2425,SP1,2025-03-09,Mallorca,Ath Bilbao,0,1,1,1,27,37,7,1.4,1.0
2425,SP1,2025-03-15,Mallorca,Espanol,1,2,1,3,28,40,9,1.6,1.0
2425,SP1,2025-03-30,Mallorca,Valencia,0,0,1,0,29,40,6,1.0,1.0
2425,SP1,2025-04-05,Mallorca,Celta,1,1,2,0,30,40,5,1.0,1.2
2425,SP1,2025-04-12,Mallorca,Sociedad,0,2,0,3,31,43,7,1.2,1.0
2425,SP1,2025-04-19,Mallorca,Leganes,1,0,0,1,32,44,7,1.0,0.8
2425,SP1,2025-04-22,Mallorca,Barcelona,0,0,1,0,33,44,4,0.6,0.8
2425,SP1,2025-05-05,Mallorca,Girona,0,0,1,0,34,44,4,0.6,0.8
2425,SP1,2025-05-10,Mallorca,Valladolid,1,2,1,3,35,47,7,0.8,0.6
2425,SP1,2025-05-14,Mallorca,Real Madrid,0,1,2,0,36,47,4,0.6,1.0
2425,SP1,2025-05-18,Mallorca,Getafe,1,1,2,0,37,47,3,0.8,1.4
2425,SP1,2025-05-24,Mallorca,Vallecano,0,0,0,1,38,48,4,0.8,1.2
2425,SP1,2024-08-17,Osasuna,Leganes,1,1,1,1,1,1,1,1.0,1.0
2425,SP1,2024-08-24,Osasuna,Mallorca,1,1,0,3,2,4,4,1.0,0.5
2425,SP1,2024-08-29,Osasuna,Girona,0,0,4,0,3,4,4,0.6666666666666666,1.6666666666666667
2425,SP1,2024-09-01,Osasuna,Celta,1,3,2,3,4,7,7,1.25,1.75
2425,SP1,2024-09-16,Osasuna,Vallecano,0,1,3,0,5,7,7,1.2,2.0
2425,SP1,2024-09-21,Osasuna,Las Palmas,1,2,1,3,6,10,9,1.4,2.0
2425,SP1,2024-09-24,Osasuna,Valencia,0,0,0,1,7,11,7,1.2,2.0
2425,SP1,2024-09-28,Osasuna,Barcelona,1,4,2,3,8,14,10,2.0,1.6
2425,SP1,2024-10-05,Osasuna,Getafe,0,1,1,1,9,15,8,1.6,1.4
2425,SP1,2024-10-19,Osasuna,Betis,1,1,2,0,10,15,8,1.6,1.2
2425,SP1,2024-10-27,Osasuna,Sociedad,0,2,0,3,11,18,8,1.6,1.0
2425,SP1,2024-11-02,Osasuna,Valladolid,1,1,0,3,12,21,10,1.8,1.0
2425,SP1,2024-11-09,Osasuna,Real Madrid,0,0,4,0,13,21,7,1.0,1.4
2425,SP1,2024-11-24,Osasuna,Villarreal,1,2,2,1,14,22,7,1.2,1.6
2425,SP1,2024-12-02,Osasuna,Sevilla,0,1,1,1,15,23,8,1.2,1.4
2425,SP1,2024-12-08,Osasuna,Alaves,1,2,2,1,16,24,6,1.2,1.8
2425,SP1,2024-12-14,Osasuna,Espanol,0,0,0,1,17,25,4,1.0,1.8
2425,SP1,2024-12-21,Osasuna,Ath Bilbao,1,1,2,0,18,25,4,1.2,1.4
2425,SP1,2025-01-12,Osasuna,Ath Madrid,0,0,1,0,19,25,3,0.8,1.2
2425,SP1,2025-01-19,Osasuna,Vallecano,1,1,1,1,20,26,3,0.8,1.2
2425,SP1,2025-01-24,Osasuna,Las Palmas,0,1,1,1,21,27,3,0.6,1.0
2425,SP1,2025-02-02,Osasuna,Sociedad,1,2,1,3,22,30,5,1.0,1.2
2425,SP1,2025-02-10,Osasuna,Mallorca,0,1,1,1,23,31,6,1.0,1.0
2425,SP1,2025-02-15,Osasuna,Real Madrid,1,1,1,1,24,32,7,1.2,1.0
2425,SP1,2025-02-21,Osasuna,Celta,0,0,1,0,25,32,6,1.0,1.0
2425,SP1,2025-03-02,Osasuna,Valencia,1,3,3,1,26,33,6,1.4,1.4
2425,SP1,2025-03-16,Osasuna,Getafe,1,1,2,0,27,33,3,1.2,1.6
2425,SP1,2025-03-27,Osasuna,Barcelona,0,0,3,0,28,33,2,1.0,2.0
2425,SP1,2025-03-30,Osasuna,Ath Bilbao,0,0,0,1,29,34,2,0.8,1.8
2425,SP1,2025-04-07,Osasuna,Leganes,0,1,1,1,30,35,3,1.0,1.8
2425,SP1,2025-04-13,Osasuna,Girona,1,2,1,3,31,38,5,0.8,1.4
2425,SP1,2025-04-20,Osasuna,Valladolid,0,3,2,3,32,41,8,1.2,1.4
2425,SP1,2025-04-24,Osasuna,Sevilla,1,1,0,3,33,44,11,1.4,0.8
2425,SP1,2025-05-03,Osasuna,Villarreal,0,2,4,0,34,44,10,1.8,1.6
2425,SP1,2025-05-11,Osasuna,Betis,0,1,1,1,35,45,10,1.8,1.6
2425,SP1,2025-05-15,Osasuna,Ath Madrid,1,2,0,3,36,48,10,1.8,1.4
2425,SP1,2025-05-18,Osasuna,Espanol,1,2,0,3,37,51,10,1.6,1.0
2425,SP1,2025-05-24,Osasuna,Alaves,0,1,1,1,38,52,8,1.6,1.2
2425,SP1,2024-08-18,Real Madrid,Mallorca,0,1,1,1,1,1,1,1.0,1.0
2425,SP1,2024-08-25,Real Madrid,Valladolid,1,3,0,3,2,4,4,2.0,0.5
2425,SP1,2024-08-29,Real Madrid,Las Palmas,0,1,1,1,3,5,5,1.6666666666666667,0.6666666666666666
2425,SP1,2024-09-01,Real Madrid,Betis,1,2,0,3,4,8,8,1.75,0.5
2425,SP1,2024-09-14,Real Madrid,Sociedad,0,2,0,3,5,11,11,1.8,0.4
2425,SP1,2024-09-21,Real Madrid,Espanol,1,4,1,3,6,14,13,2.4,0.4
2425,SP1,2024-09-24,Real Madrid,Alaves,1,3,2,3,7,17,13,2.4,0.8
2425,SP1,2024-09-29,Real Madrid,Ath Madrid,0,1,1,1,8,18,13,2.4,0.8
2425,SP1,2024-10-05,Real Madrid,Villarreal,1,2,0,3,9,21,13,2.4,0.8
2425,SP1,2024-10-19,Real Madrid,Celta,0,2,1,3,10,24,13,2.4,1.0
2425,SP1,2024-10-26,Real Madrid,Barcelona,1,0,4,0,11,24,10,1.6,1.6
2425,SP1,2024-11-09,Real Madrid,Osasuna,1,4,0,3,12,27,10,1.8,1.2
2425,SP1,2024-11-24,Real Madrid,Leganes,0,3,0,3,13,30,12,2.2,1.0
2425,SP1,2024-12-01,Real Madrid,Getafe,1,2,0,3,14,33,12,2.2,1.0
2425,SP1,2024-12-04,Real Madrid,Ath Bilbao,0,1,2,0,15,33,9,2.0,1.2
2425,SP1,2024-12-07,Real Madrid,Girona,0,3,0,3,16,36,12,2.6,0.4
2425,SP1,2024-12-14,Real Madrid,Vallecano,0,3,3,1,17,37,10,2.4,1.0
2425,SP1,2024-12-22,Real Madrid,Sevilla,1,4,2,3,18,40,10,2.6,1.4
2425,SP1,2025-01-03,Real Madrid,Valencia,0,2,1,3,19,43,10,2.6,1.6
2425,SP1,2025-01-19,Real Madrid,Las Palmas,1,4,1,3,20,46,13,3.2,1.4
2425,SP1,2025-01-25,Real Madrid,Valladolid,0,3,0,3,21,49,13,3.2,1.4
2425,SP1,2025-02-01,Real Madrid,Espanol,0,0,1,0,22,49,12,2.6,1.0
2425,SP1,2025-02-08,Real Madrid,Ath Madrid,1,1,1,1,23,50,10,2.0,0.8
2425,SP1,2025-02-15,Real Madrid,Osasuna,0,1,1,1,24,51,8,1.8,0.8
2425,SP1,2025-02-23,Real Madrid,Girona,1,2,0,3,25,54,8,1.4,0.6
2425,SP1,2025-03-01,Real Madrid,Betis,0,1,2,0,26,54,5,1.0,1.0
2425,SP1,2025-03-09,Real Madrid,Vallecano,1,2,1,3,27,57,8,1.4,1.0
2425,SP1,2025-03-15,Real Madrid,Villarreal,0,2,1,3,28,60,10,1.6,1.0
2425,SP1,2025-03-29,Real Madrid,Leganes,1,3,2,3,29,63,12,2.0,1.2
2425,SP1,2025-04-05,Real Madrid,Valencia,1,1,2,0,30,63,9,1.8,1.6
2425,SP1,2025-04-13,Real Madrid,Alaves,0,1,0,3,31,66,12,1.8,1.2
2425,SP1,2025-04-20,Real Madrid,Ath Bilbao,1,1,0,3,32,69,12,1.6,1.0
2425,SP1,2025-04-23,Real Madrid,Getafe,0,1,0,3,33,72,12,1.4,0.8
2425,SP1,2025-05-04,Real Madrid,Celta,1,3,2,3,34,75,12,1.4,0.8
2425,SP1,2025-05-11,Real Madrid,Barcelona,0,3,4,0,35,75,12,1.8,1.2
2425,SP1,2025-05-14,Real Madrid,Mallorca,1,2,1,3,36,78,12,2.0,1.4
2425,SP1,2025-05-18,Real Madrid,Sevilla,0,2,0,3,37,81,12,2.2,1.4
2425,SP1,2025-05-24,Real Madrid,Sociedad,1,2,0,3,38,84,12,2.4,1.4
2425,SP1,2024-08-16,Sevilla,Las Palmas,0,2,2,1,1,1,1,2.0,2.0
2425,SP1,2024-08-23,Sevilla,Villarreal,1,1,2,0,2,1,1,1.5,2.0
2425,SP1,2024-08-27,Sevilla,Mallorca,0,0,0,1,3,2,2,1.0,1.3333333333333333
2425,SP1,2024-09-01,Sevilla,Girona,1,0,2,0,4,2,2,0.75,1.5
2425,SP1,2024-09-14,Sevilla,Getafe,1,1,0,3,5,5,5,0.8,1.2
2425,SP1,2024-09-20,Sevilla,Alaves,0,1,2,0,6,5,4,0.6,1.2
2425,SP1,2024-09-24,Sevilla,Valladolid,1,2,1,3,7,8,7,0.8,1.0
2425,SP1,2024-09-29,Sevilla,Ath Bilbao,0,1,1,1,8,9,7,1.0,1.2
2425,SP1,2024-10-06,Sevilla,Betis,1,1,0,3,9,12,10,1.2,0.8
2425,SP1,2024-10-20,Sevilla,Barcelona,0,1,5,0,10,12,7,1.2,1.8
2425,SP1,2024-10-25,Sevilla,Espanol,0,2,0,3,11,15,10,1.4,1.4
2425,SP1,2024-11-03,Sevilla,Sociedad,1,0,2,0,12,15,7,1.0,1.6
2425,SP1,2024-11-09,Sevilla,Leganes,0,0,1,0,13,15,6,0.8,1.6
2425,SP1,2024-11-24,Sevilla,Vallecano,1,1,0,3,14,18,6,0.8,1.6
2425,SP1,2024-12-02,Sevilla,Osasuna,1,1,1,1,15,19,7,0.8,0.8
2425,SP1,2024-12-08,Sevilla,Ath Madrid,0,3,4,0,16,19,4,1.0,1.6
2425,SP1,2024-12-14,Sevilla,Celta,1,1,0,3,17,22,7,1.2,1.2
2425,SP1,2024-12-22,Sevilla,Real Madrid,0,2,4,0,18,22,7,1.6,1.8
2425,SP1,2025-01-11,Sevilla,Valencia,1,1,1,1,19,23,5,1.6,2.0
2425,SP1,2025-01-18,Sevilla,Girona,0,2,1,3,20,26,7,1.8,2.0
2425,SP1,2025-01-25,Sevilla,Espanol,1,1,1,1,21,27,8,1.4,1.4
2425,SP1,2025-02-01,Sevilla,Getafe,0,0,0,1,22,28,6,1.2,1.4
2425,SP1,2025-02-09,Sevilla,Barcelona,1,1,4,0,23,28,6,1.0,1.4
2425,SP1,2025-02-16,Sevilla,Valladolid,0,4,0,3,24,31,8,1.6,1.2
2425,SP1,2025-02-24,Sevilla,Mallorca,1,1,1,1,25,32,6,1.4,1.2
2425,SP1,2025-03-01,Sevilla,Vallecano,0,1,1,1,26,33,6,1.4,1.2
2425,SP1,2025-03-09,Sevilla,Sociedad,0,1,0,3,27,36,8,1.6,1.2
2425,SP1,2025-03-16,Sevilla,Ath Bilbao,1,0,1,0,28,36,8,1.4,0.6
2425,SP1,2025-03-30,Sevilla,Betis,0,1,2,0,29,36,5,0.8,1.0
2425,SP1,2025-04-06,Sevilla,Ath Madrid,1,1,2,0,30,36,4,0.8,1.2
2425,SP1,2025-04-11,Sevilla,Valencia,0,0,1,0,31,36,3,0.6,1.2
2425,SP1,2025-04-20,Sevilla,Alaves,1,1,1,1,32,37,1,0.6,1.4
2425,SP1,2025-04-24,Sevilla,Osasuna,0,0,1,0,33,37,1,0.6,1.4
2425,SP1,2025-05-04,Sevilla,Leganes,1,2,2,1,34,38,2,0.8,1.4
2425,SP1,2025-05-10,Sevilla,Celta,0,2,3,0,35,38,2,1.0,1.6
2425,SP1,2025-05-13,Sevilla,Las Palmas,1,1,0,3,36,41,5,1.2,1.4
2425,SP1,2025-05-18,Sevilla,Real Madrid,1,0,2,0,37,41,4,1.0,1.6
2425,SP1,2025-05-25,Sevilla,Villarreal,0,2,4,0,38,41,4,1.4,2.2
2425,SP1,2024-08-18,Sociedad,Vallecano,1,1,2,0,1,0,0,1.0,2.0
2425,SP1,2024-08-24,Sociedad,Espanol,0,1,0,3,2,3,3,1.0,1.0
2425,SP1,2024-08-28,Sociedad,Alaves,1,1,2,0,3,3,3,1.0,1.3333333333333333
2425,SP1,2024-09-01,Sociedad,Getafe,0,0,0,1,4,4,4,0.75,1.0
2425,SP1,2024-09-14,Sociedad,Real Madrid,1,0,2,0,5,4,4,0.6,1.2
2425,SP1,2024-09-17,Sociedad,Mallorca,0,0,1,0,6,4,4,0.4,1.0
2425,SP1,2024-09-21,Sociedad,Valladolid,0,0,0,1,7,5,2,0.2,1.0
2425,SP1,2024-09-28,Sociedad,Valencia,1,3,0,3,8,8,5,0.6,0.6
2425,SP1,2024-10-06,Sociedad,Ath Madrid,1,1,1,1,9,9,5,0.8,0.8
2425,SP1,2024-10-19,Sociedad,Girona,0,1,0,3,10,12,8,1.0,0.4
2425,SP1,2024-10-27,Sociedad,Osasuna,1,0,2,0,11,12,8,1.0,0.6
2425,SP1,2024-11-03,Sociedad,Sevilla,0,2,0,3,12,15,10,1.4,0.6
2425,SP1,2024-11-10,Sociedad,Barcelona,1,1,0,3,13,18,10,1.0,0.6
2425,SP1,2024-11-24,Sociedad,Ath Bilbao,0,0,1,0,14,18,9,0.8,0.6
2425,SP1,2024-12-01,Sociedad,Betis,1,2,0,3,15,21,9,1.0,0.6
2425,SP1,2024-12-08,Sociedad,Leganes,0,3,0,3,16,24,12,1.6,0.2
2425,SP1,2024-12-15,Sociedad,Las Palmas,1,0,0,1,17,25,10,1.2,0.2
2425,SP1,2024-12-21,Sociedad,Celta,0,0,2,0,18,25,7,1.0,0.6
2425,SP1,2025-01-13,Sociedad,Villarreal,1,1,0,3,19,28,10,1.2,0.4
2425,SP1,2025-01-19,Sociedad,Valencia,0,0,1,0,20,28,7,0.8,0.6
2425,SP1,2025-01-26,Sociedad,Getafe,1,0,3,0,21,28,4,0.2,1.2
2425,SP1,2025-02-02,Sociedad,Osasuna,0,1,2,0,22,28,3,0.4,1.6
2425,SP1,2025-02-09,Sociedad,Espanol,1,2,1,3,23,31,6,0.8,1.4
2425,SP1,2025-02-16,Sociedad,Betis,0,0,3,0,24,31,3,0.6,2.0
2425,SP1,2025-02-23,Sociedad,Leganes,1,3,0,3,25,34,6,1.2,1.8
2425,SP1,2025-03-02,Sociedad,Barcelona,0,0,4,0,26,34,6,1.2,2.0
2425,SP1,2025-03-09,Sociedad,Sevilla,1,0,1,0,27,34,6,1.0,1.8
2425,SP1,2025-03-16,Sociedad,Vallecano,0,2,2,1,28,35,4,1.0,2.0
2425,SP1,2025-03-29,Sociedad,Valladolid,1,2,1,3,29,38,7,1.4,1.6
2425,SP1,2025-04-06,Sociedad,Las Palmas,0,3,1,3,30,41,7,1.4,1.8
2425,SP1,2025-04-12,Sociedad,Mallorca,1,0,2,0,31,41,7,1.4,1.4
2425,SP1,2025-04-20,Sociedad,Villarreal,0,2,2,1,32,42,8,1.8,1.6
2425,SP1,2025-04-23,Sociedad,Alaves,0,0,1,0,33,42,7,1.4,1.4
2425,SP1,2025-05-04,Sociedad,Ath Bilbao,1,0,0,1,34,43,5,1.0,1.2
2425,SP1,2025-05-10,Sociedad,Ath Madrid,0,0,4,0,35,43,2,0.4,1.8
2425,SP1,2025-05-13,Sociedad,Celta,1,0,1,0,36,43,2,0.4,1.6
2425,SP1,2025-05-18,Sociedad,Girona,1,3,2,3,37,46,4,0.6,1.6
2425,SP1,2025-05-24,Sociedad,Real Madrid,0,0,2,0,38,46,4,0.6,1.8
2425,SP1,2024-08-17,Valencia,Barcelona,1,1,2,0,1,0,0,1.0,2.0
2425,SP1,2024-08-23,Valencia,Celta,0,1,3,0,2,0,0,1.0,2.5
2425,SP1,2024-08-28,Valencia,Ath Bilbao,0,0,1,0,3,0,0,0.6666666666666666,2.0
2425,SP1,2024-08-31,Valencia,Villarreal,1,1,1,1,4,1,1,0.75,1.75
2425,SP1,2024-09-15,Valencia,Ath Madrid,0,0,3,0,5,1,1,0.6,2.0
2425,SP1,2024-09-21,Valencia,Girona,1,2,0,3,6,4,4,0.8,1.6
2425,SP1,2024-09-24,Valencia,Osasuna,1,0,0,1,7,5,5,0.6,1.0
2425,SP1,2024-09-28,Valencia,Sociedad,0,0,3,0,8,5,5,0.6,1.4
2425,SP1,2024-10-04,Valencia,Leganes,0,0,0,1,9,6,5,0.4,1.2
2425,SP1,2024-10-21,Valencia,Las Palmas,1,2,3,0,10,6,5,0.8,1.2
2425,SP1,2024-10-27,Valencia,Getafe,0,1,1,1,11,7,3,0.6,1.4
2425,SP1,2024-11-23,Valencia,Betis,1,4,2,3,12,10,5,1.4,1.8
2425,SP1,2024-11-29,Valencia,Mallorca,0,1,2,0,13,10,5,1.6,1.6
2425,SP1,2024-12-07,Valencia,Vallecano,1,0,1,0,14,10,4,1.6,1.8
2425,SP1,2024-12-13,Valencia,Valladolid,0,0,1,0,15,10,4,1.2,1.4
2425,SP1,2024-12-18,Valencia,Espanol,0,1,1,1,16,11,4,1.2,1.4
2425,SP1,2024-12-22,Valencia,Alaves,1,2,2,1,17,12,2,0.8,1.4
2425,SP1,2025-01-03,Valencia,Real Madrid,1,1,2,0,18,12,2,0.8,1.4
2425,SP1,2025-01-11,Valencia,Sevilla,0,1,1,1,19,13,3,1.0,1.4
2425,SP1,2025-01-19,Valencia,Sociedad,1,1,0,3,20,16,6,1.2,1.2
2425,SP1,2025-01-26,Valencia,Barcelona,0,1,7,0,21,16,5,1.2,2.4
2425,SP1,2025-02-02,Valencia,Celta,1,2,1,3,22,19,7,1.2,2.2
2425,SP1,2025-02-09,Valencia,Leganes,1,2,0,3,23,22,10,1.4,1.8
2425,SP1,2025-02-15,Valencia,Villarreal,0,1,1,1,24,23,10,1.4,1.8
2425,SP1,2025-02-22,Valencia,Ath Madrid,1,0,3,0,25,23,7,1.2,2.4
2425,SP1,2025-03-02,Valencia,Osasuna,0,3,3,1,26,24,8,1.6,1.6
2425,SP1,2025-03-08,Valencia,Valladolid,1,2,1,3,27,27,8,1.6,1.6
2425,SP1,2025-03-15,Valencia,Girona,0,1,1,1,28,28,6,1.4,1.8
2425,SP1,2025-03-30,Valencia,Mallorca,1,1,0,3,29,31,8,1.4,1.6
2425,SP1,2025-04-05,Valencia,Real Madrid,0,2,1,3,30,34,11,1.8,1.2
2425,SP1,2025-04-11,Valencia,Sevilla,1,1,0,3,31,37,13,1.4,0.6
2425,SP1,2025-04-19,Valencia,Vallecano,0,1,1,1,32,38,11,1.2,0.6
2425,SP1,2025-04-22,Valencia,Espanol,1,1,1,1,33,39,11,1.2,0.6
2425,SP1,2025-05-03,Valencia,Las Palmas,0,3,2,3,34,42,11,1.6,1.0
2425,SP1,2025-05-10,Valencia,Getafe,1,3,0,3,35,45,11,1.8,0.8
2425,SP1,2025-05-14,Valencia,Alaves,0,0,1,0,36,45,8,1.6,1.0
2425,SP1,2025-05-18,Valencia,Ath Bilbao,1,0,1,0,37,45,7,1.4,1.0
2425,SP1,2025-05-23,Valencia,Betis,0,1,1,1,38,46,7,1.4,1.0
2425,SP1,2024-08-19,Valladolid,Espanol,1,1,0,3,1,3,3,1.0,0.0
2425,SP1,2024-08-25,Valladolid,Real Madrid,0,0,3,0,2,3,3,0.5,1.5
2425,SP1,2024-08-28,Valladolid,Leganes,1,0,0,1,3,4,4,0.3333333333333333,1.0
2425,SP1,2024-08-31,Valladolid,Barcelona,0,0,7,0,4,4,4,0.25,2.5
2425,SP1,2024-09-15,Valladolid,Celta,0,1,3,0,5,4,4,0.4,2.6
2425,SP1,2024-09-21,Valladolid,Sociedad,1,0,0,1,6,5,2,0.2,2.6
2425,SP1,2024-09-24,Valladolid,Sevilla,0,1,2,0,7,5,2,0.4,2.4
2425,SP1,2024-09-27,Valladolid,Mallorca,1,1,2,0,8,5,1,0.6,2.8
2425,SP1,2024-10-05,Valladolid,Vallecano,1,1,2,0,9,5,1,0.8,1.8
2425,SP1,2024-10-18,Valladolid,Alaves,0,3,2,3,10,8,4,1.2,1.6
2425,SP1,2024-10-26,Valladolid,Villarreal,1,1,2,0,11,8,3,1.4,2.0
2425,SP1,2024-11-02,Valladolid,Osasuna,0,0,1,0,12,8,3,1.2,1.8
2425,SP1,2024-11-10,Valladolid,Ath Bilbao,1,1,1,1,13,9,4,1.2,1.6
2425,SP1,2024-11-22,Valladolid,Getafe,0,0,2,0,14,9,4,1.0,1.6
2425,SP1,2024-11-30,Valladolid,Ath Madrid,1,0,5,0,15,9,1,0.4,2.2
2425,SP1,2024-12-07,Valladolid,Las Palmas,0,1,2,0,16,9,1,0.4,2.2
2425,SP1,2024-12-13,Valladolid,Valencia,1,1,0,3,17,12,4,0.6,2.0
2425,SP1,2024-12-20,Valladolid,Girona,0,0,3,0,18,12,3,0.4,2.4
2425,SP1,2025-01-11,Valladolid,Betis,1,1,0,3,19,15,6,0.6,2.0
2425,SP1,2025-01-17,Valladolid,Espanol,0,1,2,0,20,15,6,0.8,1.4
2425,SP1,2025-01-25,Valladolid,Real Madrid,1,0,3,0,21,15,6,0.6,1.6
2425,SP1,2025-02-01,Valladolid,Villarreal,0,1,5,0,22,15,3,0.6,2.6
2425,SP1,2025-02-07,Valladolid,Vallecano,0,0,1,0,23,15,3,0.6,2.2
2425,SP1,2025-02-16,Valladolid,Sevilla,1,0,4,0,24,15,0,0.4,3.0
2425,SP1,2025-02-23,Valladolid,Ath Bilbao,0,1,7,0,25,15,0,0.4,4.0
2425,SP1,2025-02-28,Valladolid,Las Palmas,1,1,1,1,26,16,1,0.6,3.6
2425,SP1,2025-03-08,Valladolid,Valencia,0,1,2,0,27,16,1,0.6,3.0
2425,SP1,2025-03-15,Valladolid,Celta,1,0,1,0,28,16,1,0.6,3.0
2425,SP1,2025-03-29,Valladolid,Sociedad,0,1,2,0,29,16,1,0.8,2.6
2425,SP1,2025-04-06,Valladolid,Getafe,1,0,4,0,30,16,1,0.6,2.0
2425,SP1,2025-04-14,Valladolid,Ath Madrid,0,2,4,0,31,16,0,0.8,2.6
2425,SP1,2025-04-20,Valladolid,Osasuna,1,2,3,0,32,16,0,1.0,2.8
2425,SP1,2025-04-24,Valladolid,Betis,0,1,5,0,33,16,0,1.2,3.6
2425,SP1,2025-05-03,Valladolid,Barcelona,1,1,2,0,34,16,0,1.2,3.6
2425,SP1,2025-05-10,Valladolid,Mallorca,0,1,2,0,35,16,0,1.4,3.2
2425,SP1,2025-05-13,Valladolid,Girona,1,0,1,0,36,16,0,1.0,2.6
2425,SP1,2025-05-18,Valladolid,Alaves,1,0,1,0,37,16,0,0.6,2.2
2425,SP1,2025-05-24,Valladolid,Leganes,0,0,3,0,38,16,0,0.4,1.8
2425,SP1,2024-08-18,Vallecano,Sociedad,0,2,1,3,1,3,3,2.0,1.0
2425,SP1,2024-08-24,Vallecano,Getafe,0,0,0,1,2,4,4,1.0,0.5
2425,SP1,2024-08-27,Vallecano,Barcelona,1,1,2,0,3,4,4,1.0,1.0
2425,SP1,2024-08-31,Vallecano,Espanol,0,1,2,0,4,4,4,1.0,1.25
2425,SP1,2024-09-16,Vallecano,Osasuna,1,3,1,3,5,7,7,1.4,1.2
2425,SP1,2024-09-22,Vallecano,Ath Madrid,1,1,1,1,6,8,5,1.2,1.2
2425,SP1,2024-09-25,Vallecano,Girona,0,0,0,1,7,9,5,1.2,1.2
2425,SP1,2024-09-28,Vallecano,Leganes,1,1,1,1,8,10,6,1.2,1.0
2425,SP1,2024-10-05,Vallecano,Valladolid,0,2,1,3,9,13,9,1.4,0.8
2425,SP1,2024-10-20,Vallecano,Mallorca,0,0,1,0,10,13,6,0.8,0.8
2425,SP1,2024-10-26,Vallecano,Alaves,1,1,0,3,11,16,8,0.8,0.6
2425,SP1,2024-11-08,Vallecano,Las Palmas,1,1,3,0,12,16,7,1.0,1.2
2425,SP1,2024-11-24,Vallecano,Sevilla,0,0,1,0,13,16,6,0.8,1.2
2425,SP1,2024-12-01,Vallecano,Ath Bilbao,1,1,2,0,14,16,3,0.6,1.4
2425,SP1,2024-12-07,Vallecano,Valencia,0,1,0,3,15,19,6,0.8,1.2
2425,SP1,2024-12-14,Vallecano,Real Madrid,1,3,3,1,16,20,4,1.2,1.8
2425,SP1,2024-12-18,Vallecano,Villarreal,0,1,1,1,17,21,5,1.2,1.4
2425,SP1,2024-12-22,Vallecano,Betis,0,1,1,1,18,22,6,1.4,1.4
2425,SP1,2025-01-10,Vallecano,Celta,1,2,1,3,19,25,9,1.6,1.2
2425,SP1,2025-01-19,Vallecano,Osasuna,0,1,1,1,20,26,7,1.6,1.4
2425,SP1,2025-01-26,Vallecano,Girona,1,2,1,3,21,29,9,1.4,1.0
2425,SP1,2025-01-31,Vallecano,Leganes,0,1,0,3,22,32,11,1.4,0.8
2425,SP1,2025-02-07,Vallecano,Valladolid,1,1,0,3,23,35,13,1.4,0.6
2425,SP1,2025-02-17,Vallecano,Barcelona,0,0,1,0,24,35,10,1.0,0.6
2425,SP1,2025-02-22,Vallecano,Villarreal,1,0,1,0,25,35,9,0.8,0.6
2425,SP1,2025-03-01,Vallecano,Sevilla,1,1,1,1,26,36,7,0.6,0.6
2425,SP1,2025-03-09,Vallecano,Real Madrid,0,1,2,0,27,36,4,0.6,1.0
2425,SP1,2025-03-16,Vallecano,Sociedad,1,2,2,1,28,37,2,0.8,1.4
2425,SP1,2025-03-29,Vallecano,Alaves,0,2,0,3,29,40,5,1.2,1.2
2425,SP1,2025-04-04,Vallecano,Espanol,1,0,4,0,30,40,5,1.2,1.8
2425,SP1,2025-04-13,Vallecano,Ath Bilbao,0,1,3,0,31,40,4,1.2,2.2
2425,SP1,2025-04-19,Vallecano,Valencia,1,1,1,1,32,41,5,1.2,2.0
2425,SP1,2025-04-24,Vallecano,Ath Madrid,0,0,3,0,33,41,4,0.8,2.2
2425,SP1,2025-05-02,Vallecano,Getafe,1,1,0,3,34,44,4,0.6,2.2
2425,SP1,2025-05-09,Vallecano,Las Palmas,0,1,0,3,35,47,7,0.8,1.4
2425,SP1,2025-05-15,Vallecano,Betis,1,2,2,1,36,48,8,1.0,1.2
2425,SP1,2025-05-18,Vallecano,Celta,0,2,1,3,37,51,10,1.2,1.2
2425,SP1,2025-05-24,Vallecano,Mallorca,1,0,0,1,38,52,11,1.2,0.6
2425,SP1,2024-08-19,Villarreal,Ath Madrid,1,2,2,1,1,1,1,2.0,2.0
2425,SP1,2024-08-23,Villarreal,Sevilla,0,2,1,3,2,4,4,2.0,1.5
2425,SP1,2024-08-26,Villarreal,Celta,1,4,3,3,3,7,7,2.6666666666666665,2.0
2425,SP1,2024-08-31,Villarreal,Valencia,0,1,1,1,4,8,8,2.25,1.75
2425,SP1,2024-09-14,Villarreal,Mallorca,0,2,1,3,5,11,11,2.2,1.6
2425,SP1,2024-09-22,Villarreal,Barcelona,1,1,5,0,6,11,10,2.0,2.2
2425,SP1,2024-09-26,Villarreal,Espanol,0,2,1,3,7,14,10,2.0,2.2
2425,SP1,2024-09-30,Villarreal,Las Palmas,1,3,1,3,8,17,10,1.8,1.8
2425,SP1,2024-10-05,Villarreal,Real Madrid,0,0,2,0,9,17,9,1.6,2.0
2425,SP1,2024-10-20,Villarreal,Getafe,1,1,1,1,10,18,7,1.4,2.0
2425,SP1,2024-10-26,Villarreal,Valladolid,0,2,1,3,11,21,10,1.6,1.2
2425,SP1,2024-11-09,Villarreal,Alaves,1,3,0,3,12,24,10,1.8,1.0
2425,SP1,2024-11-24,Villarreal,Osasuna,0,2,2,1,13,25,8,1.6,1.2
2425,SP1,2024-12-01,Villarreal,Girona,1,2,2,1,14,26,9,2.0,1.2
2425,SP1,2024-12-08,Villarreal,Ath Bilbao,0,0,2,0,15,26,8,1.8,1.4
2425,SP1,2024-12-15,Villarreal,Betis,1,1,2,0,16,26,5,1.6,1.6
2425,SP1,2024-12-18,Villarreal,Vallecano,1,1,1,1,17,27,3,1.2,1.8
2425,SP1,2024-12-22,Villarreal,Leganes,0,5,2,3,18,30,5,1.8,1.8
2425,SP1,2025-01-13,Villarreal,Sociedad,0,0,1,0,19,30,4,1.4,1.6
2425,SP1,2025-01-20,Villarreal,Mallorca,1,4,0,3,20,33,7,2.2,1.2
2425,SP1,2025-01-25,Villarreal,Ath Madrid,0,1,1,1,21,34,8,2.2,1.0
2425,SP1,2025-02-01,Villarreal,Valladolid,1,5,1,3,22,37,10,3.0,1.0
2425,SP1,2025-02-08,Villarreal,Las Palmas,0,2,1,3,23,40,10,2.4,0.8
2425,SP1,2025-02-15,Villarreal,Valencia,1,1,1,1,24,41,11,2.6,0.8
2425,SP1,2025-02-22,Villarreal,Vallecano,0,1,0,3,25,44,11,2.0,0.8
2425,SP1,2025-03-08,Villarreal,Alaves,0,0,1,0,26,44,10,1.8,0.8
2425,SP1,2025-03-15,Villarreal,Real Madrid,1,1,2,0,27,44,7,1.0,1.0
2425,SP1,2025-03-30,Villarreal,Getafe,0,2,1,3,28,47,7,1.0,1.0
2425,SP1,2025-04-06,Villarreal,Ath Bilbao,1,0,0,1,29,48,7,0.8,0.8
2425,SP1,2025-04-13,Villarreal,Betis,0,2,1,3,30,51,7,1.0,1.0
2425,SP1,2025-04-20,Villarreal,Sociedad,1,2,2,1,31,52,8,1.4,1.2
2425,SP1,2025-04-23,Villarreal,Celta,0,0,3,0,32,52,8,1.2,1.4
2425,SP1,2025-04-27,Villarreal,Espanol,1,1,0,3,33,55,8,1.0,1.2
2425,SP1,2025-05-03,Villarreal,Osasuna,1,4,2,3,34,58,10,1.8,1.6
2425,SP1,2025-05-10,Villarreal,Girona,0,1,0,3,35,61,10,1.6,1.4
2425,SP1,2025-05-14,Villarreal,Leganes,1,3,0,3,36,64,12,1.8,1.0
2425,SP1,2025-05-18,Villarreal,Barcelona,0,3,2,3,37,67,15,2.4,0.8
2425,SP1,2025-05-25,Villarreal,Sevilla,1,4,2,3,38,70,15,3.0,1.2
2526,E0,2025-08-17,Arsenal,Man United,0,1,0,3,1,3,3,1.0,0.0
2526,E0,2025-08-23,Arsenal,Leeds,1,5,0,3,2,6,6,3.0,0.0
2526,E0,2025-08-31,Arsenal,Liverpool,0,0,1,0,3,6,6,2.0,0.3333333333333333
2526,E0,2025-09-13,Arsenal,Nott'm Forest,1,3,0,3,4,9,9,2.25,0.25
2526,E0,2025-09-21,Arsenal,Man City,1,1,1,1,5,10,10,2.0,0.4
2526,E0,2025-09-28,Arsenal,Newcastle,0,2,1,3,6,13,10,2.2,0.6
2526,E0,2025-10-04,Arsenal,West Ham,1,2,0,3,7,16,10,1.6,0.6
2526,E0,2025-10-18,Arsenal,Fulham,0,1,0,3,8,19,13,1.8,0.4
2526,E0,2025-10-26,Arsenal,Crystal Palace,1,1,0,3,9,22,13,1.4,0.4
2526,E0,2025-11-01,Arsenal,Burnley,0,2,0,3,10,25,15,1.6,0.2
2526,E0,2025-11-08,Arsenal,Sunderland,0,2,2,1,11,26,13,1.6,0.4
2526,E0,2025-11-23,Arsenal,Tottenham,1,4,1,3,12,29,13,2.0,0.6
2526,E0,2025-11-30,Arsenal,Chelsea,0,1,1,1,13,30,11,2.0,0.8
2526,E0,2025-12-03,Arsenal,Brentford,1,2,0,3,14,33,11,2.2,0.8
2526,E0,2025-12-06,Arsenal,Aston Villa,0,1,2,0,15,33,8,2.0,1.2
2526,E0,2025-12-13,Arsenal,Wolves,1,2,1,3,16,36,10,2.0,1.0
2526,E0,2025-12-20,Arsenal,Everton,0,1,0,3,17,39,10,1.4,0.8
2526,E0,2025-12-27,Arsenal,Brighton,1,2,1,3,18,42,12,1.6,0.8
2526,E0,2025-12-30,Arsenal,Aston Villa,1,4,1,3,19,45,12,2.0,1.0
2526,E0,2026-01-03,Arsenal,Bournemouth,0,3,2,3,20,48,15,2.4,1.0
2526,E0,2026-01-08,Arsenal,Liverpool,1,0,0,1,21,49,13,2.0,0.8
2526,E0,2026-01-17,Arsenal,Nott'm Forest,0,0,0,1,22,50,11,1.8,0.8
2526,E0,2026-01-25,Arsenal,Man United,1,2,3,0,23,50,8,1.8,1.2
2526,E0,2026-01-31,Arsenal,Leeds,0,4,0,3,24,53,8,1.8,1.0
2526,E0,2026-02-07,Arsenal,Sunderland,1,3,0,3,25,56,8,1.8,0.6
2526,E0,2026-02-12,Arsenal,Brentford,0,1,1,1,26,57,8,2.0,0.8
2526,E0,2026-02-18,Arsenal,Wolves,0,2,2,1,27,58,8,2.4,1.2
2526,E0,2026-02-22,Arsenal,Tottenham,0,4,1,3,28,61,11,2.8,0.8
2526,E0,2026-03-01,Arsenal,Chelsea,1,2,1,3,29,64,11,2.4,1.0
2526,E0,2026-03-04,Arsenal,Brighton,0,1,0,3,30,67,11,2.0,1.0
2526,E0,2026-03-14,Arsenal,Everton,1,2,0,3,31,70,13,2.2,0.8
2526,E0,2026-04-11,Arsenal,Bournemouth,1,1,2,0,32,70,12,2.0,0.8
2526,E0,2026-04-19,Arsenal,Man City,0,1,2,0,33,70,9,1.4,1.0
2526,E0,2026-04-25,Arsenal,Newcastle,1,1,0,3,34,73,9,1.2,0.8
2526,E0,2026-05-02,Arsenal,Fulham,1,3,0,3,35,76,9,1.6,0.8
2526,E0,2026-05-10,Arsenal,West Ham,0,1,0,3,36,79,9,1.4,0.8
2526,E0,2026-05-18,Arsenal,Burnley,1,1,0,3,37,82,12,1.4,0.4
2526,E0,2026-05-24,Arsenal,Crystal Palace,0,2,1,3,38,85,15,1.6,0.2
2526,E0,2025-08-16,Aston Villa,Newcastle,1,0,0,1,1,1,1,0.0,0.0
2526,E0,2025-08-23,Aston Villa,Brentford,0,0,1,0,2,1,1,0.0,0.5
2526,E0,2025-08-31,Aston Villa,Crystal Palace,1,0,3,0,3,1,1,0.0,1.3333333333333333
2526,E0,2025-09-13,Aston Villa,Everton,0,0,0,1,4,2,2,0.0,1.0
2526,E0,2025-09-21,Aston Villa,Sunderland,0,1,1,1,5,3,3,0.2,1.0
2526,E0,2025-09-28,Aston Villa,Fulham,1,3,1,3,6,6,5,0.8,1.2
2526,E0,2025-10-05,Aston Villa,Burnley,1,2,1,3,7,9,8,1.2,1.2
2526,E0,2025-10-19,Aston Villa,Tottenham,0,2,1,3,8,12,11,1.6,0.8
2526,E0,2025-10-26,Aston Villa,Man City,1,1,0,3,9,15,13,1.8,0.8
2526,E0,2025-11-01,Aston Villa,Liverpool,0,0,2,0,10,15,12,1.6,1.0
2526,E0,2025-11-09,Aston Villa,Bournemouth,1,4,0,3,11,18,12,1.8,0.8
2526,E0,2025-11-23,Aston Villa,Leeds,0,2,1,3,12,21,12,1.8,0.8
2526,E0,2025-11-30,Aston Villa,Wolves,1,1,0,3,13,24,12,1.6,0.6
2526,E0,2025-12-03,Aston Villa,Brighton,0,4,3,3,14,27,12,2.2,1.2
2526,E0,2025-12-06,Aston Villa,Arsenal,1,2,1,3,15,30,15,2.6,1.0
2526,E0,2025-12-14,Aston Villa,West Ham,0,3,2,3,16,33,15,2.4,1.4
2526,E0,2025-12-21,Aston Villa,Man United,1,2,1,3,17,36,15,2.4,1.4
2526,E0,2025-12-27,Aston Villa,Chelsea,0,2,1,3,18,39,15,2.6,1.6
2526,E0,2025-12-30,Aston Villa,Arsenal,0,1,4,0,19,39,12,2.0,1.8
2526,E0,2026-01-03,Aston Villa,Nott'm Forest,1,3,1,3,20,42,12,2.2,1.8
2526,E0,2026-01-07,Aston Villa,Crystal Palace,0,0,0,1,21,43,10,1.6,1.4
2526,E0,2026-01-18,Aston Villa,Everton,1,0,1,0,22,43,7,1.2,1.4
2526,E0,2026-01-25,Aston Villa,Newcastle,0,2,0,3,23,46,7,1.2,1.2
2526,E0,2026-02-01,Aston Villa,Brentford,1,0,1,0,24,46,7,1.0,0.6
2526,E0,2026-02-07,Aston Villa,Bournemouth,0,1,1,1,25,47,5,0.6,0.6
2526,E0,2026-02-11,Aston Villa,Brighton,1,1,0,3,26,50,7,0.8,0.6
2526,E0,2026-02-21,Aston Villa,Leeds,1,1,1,1,27,51,8,1.0,0.6
2526,E0,2026-02-27,Aston Villa,Wolves,0,0,2,0,28,51,5,0.6,1.0
2526,E0,2026-03-04,Aston Villa,Chelsea,1,1,4,0,29,51,5,0.8,1.6
2526,E0,2026-03-15,Aston Villa,Man United,0,1,3,0,30,51,4,0.8,2.0
2526,E0,2026-03-22,Aston Villa,West Ham,1,2,0,3,31,54,4,1.0,2.0
2526,E0,2026-04-12,Aston Villa,Nott'm Forest,0,1,1,1,32,55,4,1.0,2.0
2526,E0,2026-04-19,Aston Villa,Sunderland,1,4,3,3,33,58,7,1.8,2.2
2526,E0,2026-04-25,Aston Villa,Fulham,0,0,1,0,34,58,7,1.6,1.6
2526,E0,2026-05-03,Aston Villa,Tottenham,1,1,2,0,35,58,7,1.6,1.4
2526,E0,2026-05-10,Aston Villa,Burnley,0,2,2,1,36,59,5,1.6,1.8
2526,E0,2026-05-15,Aston Villa,Liverpool,1,4,2,3,37,62,7,2.2,2.0
2526,E0,2026-05-24,Aston Villa,Man City,0,2,1,3,38,65,7,1.8,1.6
2526,E0,2025-08-15,Bournemouth,Liverpool,0,2,4,0,1,0,0,2.0,4.0
2526,E0,2025-08-23,Bournemouth,Wolves,1,1,0,3,2,3,3,1.5,2.0
2526,E0,2025-08-30,Bournemouth,Tottenham,0,1,0,3,3,6,6,1.3333333333333333,1.3333333333333333
2526,E0,2025-09-13,Bournemouth,Brighton,1,2,1,3,4,9,9,1.5,1.25
2526,E0,2025-09-21,Bournemouth,Newcastle,1,0,0,1,5,10,10,1.2,1.0
2526,E0,2025-09-27,Bournemouth,Leeds,0,2,2,1,6,11,11,1.2,0.6
2526,E0,2025-10-03,Bournemouth,Fulham,1,3,1,3,7,14,11,1.6,0.8
2526,E0,2025-10-18,Bournemouth,Crystal Palace,0,3,3,1,8,15,9,2.0,1.4
2526,E0,2025-10-26,Bournemouth,Nott'm Forest,1,2,0,3,9,18,9,2.0,1.2
2526,E0,2025-11-02,Bournemouth,Man City,0,1,3,0,10,18,8,2.2,1.8
2526,E0,2025-11-09,Bournemouth,Aston Villa,0,0,4,0,11,18,7,1.8,2.2
2526,E0,2025-11-22,Bournemouth,West Ham,1,2,2,1,12,19,5,1.6,2.4
2526,E0,2025-11-29,Bournemouth,Sunderland,0,2,3,0,13,19,4,1.4,2.4
2526,E0,2025-12-02,Bournemouth,Everton,1,0,1,0,14,19,1,1.0,2.6
2526,E0,2025-12-06,Bournemouth,Chelsea,1,0,0,1,15,20,2,0.8,2.0
2526,E0,2025-12-15,Bournemouth,Man United,0,4,4,1,16,21,3,1.6,2.0
2526,E0,2025-12-20,Bournemouth,Burnley,1,1,1,1,17,22,3,1.4,1.8
2526,E0,2025-12-27,Bournemouth,Brentford,0,1,4,0,18,22,3,1.2,2.0
2526,E0,2025-12-30,Bournemouth,Chelsea,0,2,2,1,19,23,4,1.6,2.2
2526,E0,2026-01-03,Bournemouth,Arsenal,1,2,3,0,20,23,3,2.0,2.8
2526,E0,2026-01-07,Bournemouth,Tottenham,1,3,2,3,21,26,5,1.8,2.4
2526,E0,2026-01-19,Bournemouth,Brighton,0,1,1,1,22,27,5,1.8,2.4
2526,E0,2026-01-24,Bournemouth,Liverpool,1,3,2,3,23,30,8,2.2,2.0
2526,E0,2026-01-31,Bournemouth,Wolves,0,2,0,3,24,33,10,2.2,1.6
2526,E0,2026-02-07,Bournemouth,Aston Villa,1,1,1,1,25,34,11,2.0,1.2
2526,E0,2026-02-10,Bournemouth,Everton,0,2,1,3,26,37,11,1.8,1.0
2526,E0,2026-02-21,Bournemouth,West Ham,0,0,0,1,27,38,11,1.6,0.8
2526,E0,2026-02-28,Bournemouth,Sunderland,1,1,1,1,28,39,9,1.2,0.6
2526,E0,2026-03-03,Bournemouth,Brentford,1,0,0,1,29,40,7,0.8,0.6
2526,E0,2026-03-14,Bournemouth,Burnley,0,0,0,1,30,41,7,0.6,0.4
2526,E0,2026-03-20,Bournemouth,Man United,1,2,2,1,31,42,5,0.6,0.6
2526,E0,2026-04-11,Bournemouth,Arsenal,0,2,1,3,32,45,7,1.0,0.8
2526,E0,2026-04-18,Bournemouth,Newcastle,0,2,1,3,33,48,9,1.2,0.8
2526,E0,2026-04-22,Bournemouth,Leeds,1,2,2,1,34,49,9,1.6,1.2
2526,E0,2026-05-03,Bournemouth,Crystal Palace,1,3,0,3,35,52,11,2.2,1.2
2526,E0,2026-05-09,Bournemouth,Fulham,0,1,0,3,36,55,13,2.0,0.8
2526,E0,2026-05-19,Bournemouth,Man City,1,1,1,1,37,56,11,1.8,0.8
2526,E0,2026-05-24,Bournemouth,Nott'm Forest,0,1,1,1,38,57,9,1.6,0.8
2526,E0,2025-08-17,Brentford,Nott'm Forest,0,1,3,0,1,0,0,1.0,3.0
2526,E0,2025-08-23,Brentford,Aston Villa,1,1,0,3,2,3,3,1.0,1.5
2526,E0,2025-08-30,Brentford,Sunderland,0,1,2,0,3,3,3,1.0,1.6666666666666667
2526,E0,2025-09-13,Brentford,Chelsea,1,2,2,1,4,4,4,1.25,1.75
2526,E0,2025-09-20,Brentford,Fulham,0,1,3,0,5,4,4,1.2,2.0
2526,E0,2025-09-27,Brentford,Man United,1,3,1,3,6,7,7,1.6,1.6
2526,E0,2025-10-05,Brentford,Man City,1,0,1,0,7,7,4,1.4,1.8
2526,E0,2025-10-20,Brentford,West Ham,0,2,0,3,8,10,7,1.6,1.4
2526,E0,2025-10-25,Brentford,Liverpool,1,3,2,3,9,13,9,1.8,1.4
2526,E0,2025-11-01,Brentford,Crystal Palace,0,0,2,0,10,13,9,1.6,1.2
2526,E0,2025-11-09,Brentford,Newcastle,1,3,1,3,11,16,9,1.6,1.2
2526,E0,2025-11-22,Brentford,Brighton,0,1,2,0,12,16,9,1.8,1.4
2526,E0,2025-11-29,Brentford,Burnley,1,3,1,3,13,19,9,2.0,1.6
2526,E0,2025-12-03,Brentford,Arsenal,0,0,2,0,14,19,6,1.4,1.6
2526,E0,2025-12-06,Brentford,Tottenham,0,0,2,0,15,19,6,1.4,1.6
2526,E0,2025-12-14,Brentford,Leeds,1,1,1,1,16,20,4,1.0,1.6
2526,E0,2025-12-20,Brentford,Wolves,0,2,0,3,17,23,7,1.2,1.2
2526,E0,2025-12-27,Brentford,Bournemouth,1,4,1,3,18,26,7,1.4,1.2
2526,E0,2026-01-01,Brentford,Tottenham,1,0,0,1,19,27,8,1.4,0.8
2526,E0,2026-01-04,Brentford,Everton,0,4,2,3,20,30,11,2.2,0.8
2526,E0,2026-01-07,Brentford,Sunderland,1,3,0,3,21,33,13,2.6,0.6
2526,E0,2026-01-17,Brentford,Chelsea,0,0,2,0,22,33,10,2.2,1.0
2526,E0,2026-01-25,Brentford,Nott'm Forest,1,0,2,0,23,33,7,1.4,1.2
2526,E0,2026-02-01,Brentford,Aston Villa,0,1,0,3,24,36,9,1.6,1.2
2526,E0,2026-02-07,Brentford,Newcastle,0,3,2,3,25,39,9,1.4,1.2
2526,E0,2026-02-12,Brentford,Arsenal,1,1,1,1,26,40,7,1.0,1.4
2526,E0,2026-02-21,Brentford,Brighton,1,0,2,0,27,40,7,1.0,1.4
2526,E0,2026-02-28,Brentford,Burnley,0,4,3,3,28,43,10,1.8,1.6
2526,E0,2026-03-03,Brentford,Bournemouth,0,0,0,1,29,44,8,1.6,1.6
2526,E0,2026-03-16,Brentford,Wolves,1,2,2,1,30,45,6,1.4,1.6
2526,E0,2026-03-21,Brentford,Leeds,0,0,0,1,31,46,6,1.2,1.4
2526,E0,2026-04-11,Brentford,Everton,1,2,2,1,32,47,7,1.6,1.4
2526,E0,2026-04-18,Brentford,Fulham,1,0,0,1,33,48,5,0.8,0.8
2526,E0,2026-04-27,Brentford,Man United,0,1,2,0,34,48,4,1.0,1.2
2526,E0,2026-05-02,Brentford,West Ham,1,3,0,3,35,51,6,1.2,0.8
2526,E0,2026-05-09,Brentford,Man City,0,0,3,0,36,51,5,1.2,1.4
2526,E0,2026-05-17,Brentford,Crystal Palace,1,2,2,1,37,52,5,1.2,1.4
2526,E0,2026-05-24,Brentford,Liverpool,0,1,1,1,38,53,5,1.4,1.6
2526,E0,2025-08-16,Brighton,Fulham,1,1,1,1,1,1,1,1.0,1.0
2526,E0,2025-08-24,Brighton,Everton,0,0,2,0,2,1,1,0.5,1.5
2526,E0,2025-08-31,Brighton,Man City,1,2,1,3,3,4,4,1.0,1.3333333333333333
2526,E0,2025-09-13,Brighton,Bournemouth,0,1,2,0,4,4,4,1.0,1.5
2526,E0,2025-09-20,Brighton,Tottenham,1,2,2,1,5,5,5,1.2,1.6
2526,E0,2025-09-27,Brighton,Chelsea,0,3,1,3,6,8,7,1.6,1.6
2526,E0,2025-10-05,Brighton,Wolves,0,1,1,1,7,9,8,1.8,1.4
2526,E0,2025-10-18,Brighton,Newcastle,1,2,1,3,8,12,8,1.8,1.4
2526,E0,2025-10-25,Brighton,Man United,0,2,4,0,9,12,8,2.0,1.8
2526,E0,2025-11-01,Brighton,Leeds,1,3,0,3,10,15,10,2.2,1.4
2526,E0,2025-11-09,Brighton,Crystal Palace,0,0,0,1,11,16,8,1.6,1.2
2526,E0,2025-11-22,Brighton,Brentford,1,2,1,3,12,19,10,1.8,1.2
2526,E0,2025-11-30,Brighton,Nott'm Forest,0,2,0,3,13,22,10,1.8,1.0
2526,E0,2025-12-03,Brighton,Aston Villa,1,3,4,0,14,22,10,2.0,1.0
2526,E0,2025-12-07,Brighton,West Ham,1,1,1,1,15,23,8,1.6,1.2
2526,E0,2025-12-13,Brighton,Liverpool,0,0,2,0,16,23,7,1.6,1.6
2526,E0,2025-12-20,Brighton,Sunderland,1,0,0,1,17,24,5,1.2,1.4
2526,E0,2025-12-27,Brighton,Arsenal,0,1,2,0,18,24,2,1.0,1.8
2526,E0,2025-12-30,Brighton,West Ham,0,2,2,1,19,25,3,0.8,1.4
2526,E0,2026-01-03,Brighton,Burnley,1,2,0,3,20,28,5,1.0,1.2
2526,E0,2026-01-07,Brighton,Man City,0,1,1,1,21,29,6,1.2,1.0
2526,E0,2026-01-19,Brighton,Bournemouth,1,1,1,1,22,30,6,1.4,1.2
2526,E0,2026-01-24,Brighton,Fulham,0,1,2,0,23,30,6,1.4,1.2
2526,E0,2026-01-31,Brighton,Everton,1,1,1,1,24,31,6,1.2,1.0
2526,E0,2026-02-08,Brighton,Crystal Palace,1,0,1,0,25,31,3,0.8,1.2
2526,E0,2026-02-11,Brighton,Aston Villa,0,0,1,0,26,31,2,0.6,1.2
2526,E0,2026-02-21,Brighton,Brentford,0,2,0,3,27,34,4,0.8,1.0
2526,E0,2026-03-01,Brighton,Nott'm Forest,1,2,1,3,28,37,7,1.0,0.8
2526,E0,2026-03-04,Brighton,Arsenal,1,0,1,0,29,37,6,0.8,0.8
2526,E0,2026-03-14,Brighton,Sunderland,0,1,0,3,30,40,9,1.0,0.6
2526,E0,2026-03-21,Brighton,Liverpool,1,2,1,3,31,43,12,1.4,0.6
2526,E0,2026-04-11,Brighton,Burnley,0,2,0,3,32,46,12,1.4,0.6
2526,E0,2026-04-18,Brighton,Tottenham,0,2,2,1,33,47,10,1.4,0.8
2526,E0,2026-04-21,Brighton,Chelsea,1,3,0,3,34,50,13,2.0,0.6
2526,E0,2026-05-02,Brighton,Newcastle,0,1,3,0,35,50,10,2.0,1.2
2526,E0,2026-05-09,Brighton,Wolves,1,3,0,3,36,53,10,2.2,1.0
2526,E0,2026-05-17,Brighton,Leeds,0,0,1,0,37,53,7,1.8,1.2
2526,E0,2026-05-24,Brighton,Man United,1,0,3,0,38,53,6,1.4,1.4
2526,E0,2025-08-16,Burnley,Tottenham,0,0,3,0,1,0,0,0.0,3.0
2526,E0,2025-08-23,Burnley,Sunderland,1,2,0,3,2,3,3,1.0,1.5
2526,E0,2025-08-30,Burnley,Man United,0,2,3,0,3,3,3,1.3333333333333333,2.0
2526,E0,2025-09-14,Burnley,Liverpool,1,0,1,0,4,3,3,1.0,1.75
2526,E0,2025-09-20,Burnley,Nott'm Forest,1,1,1,1,5,4,4,1.0,1.6
2526,E0,2025-09-27,Burnley,Man City,0,1,5,0,6,4,4,1.2,2.0
2526,E0,2025-10-05,Burnley,Aston Villa,0,1,2,0,7,4,1,1.0,2.4
2526,E0,2025-10-18,Burnley,Leeds,1,2,0,3,8,7,4,1.0,1.8
2526,E0,2025-10-26,Burnley,Wolves,0,3,2,3,9,10,7,1.6,2.0
2526,E0,2025-11-01,Burnley,Arsenal,1,0,2,0,10,10,6,1.4,2.2
2526,E0,2025-11-08,Burnley,West Ham,0,2,3,0,11,10,6,1.6,1.8
2526,E0,2025-11-22,Burnley,Chelsea,1,0,2,0,12,10,6,1.4,1.8
2526,E0,2025-11-29,Burnley,Brentford,0,1,3,0,13,10,3,1.2,2.4
2526,E0,2025-12-03,Burnley,Crystal Palace,1,0,1,0,14,10,0,0.6,2.2
2526,E0,2025-12-06,Burnley,Newcastle,0,1,2,0,15,10,0,0.8,2.2
2526,E0,2025-12-13,Burnley,Fulham,1,2,3,0,16,10,0,0.8,2.2
2526,E0,2025-12-20,Burnley,Bournemouth,0,1,1,1,17,11,1,1.0,2.0
2526,E0,2025-12-27,Burnley,Everton,1,0,0,1,18,12,2,0.8,1.4
2526,E0,2025-12-30,Burnley,Newcastle,1,1,3,0,19,12,2,1.0,1.8
2526,E0,2026-01-03,Burnley,Brighton,0,0,2,0,20,12,2,0.8,1.8
2526,E0,2026-01-07,Burnley,Man United,1,2,2,1,21,13,3,0.8,1.6
2526,E0,2026-01-17,Burnley,Liverpool,0,1,1,1,22,14,3,0.8,1.6
2526,E0,2026-01-24,Burnley,Tottenham,1,2,2,1,23,15,3,1.2,2.0
2526,E0,2026-02-02,Burnley,Sunderland,0,0,3,0,24,15,3,1.0,2.0
2526,E0,2026-02-07,Burnley,West Ham,1,0,2,0,25,15,3,1.0,2.0
2526,E0,2026-02-11,Burnley,Crystal Palace,0,3,2,3,26,18,5,1.2,2.0
2526,E0,2026-02-21,Burnley,Chelsea,0,1,1,1,27,19,5,1.2,2.0
2526,E0,2026-02-28,Burnley,Brentford,1,3,4,0,28,19,4,1.4,2.4
2526,E0,2026-03-03,Burnley,Everton,0,0,2,0,29,19,4,1.4,2.2
2526,E0,2026-03-14,Burnley,Bournemouth,1,0,0,1,30,20,5,1.4,1.8
2526,E0,2026-03-21,Burnley,Fulham,0,1,3,0,31,20,2,1.0,2.0
2526,E0,2026-04-11,Burnley,Brighton,1,0,2,0,32,20,1,0.8,2.2
2526,E0,2026-04-19,Burnley,Nott'm Forest,0,1,4,0,33,20,1,0.4,2.2
2526,E0,2026-04-22,Burnley,Man City,1,0,1,0,34,20,1,0.4,2.0
2526,E0,2026-05-01,Burnley,Leeds,0,1,3,0,35,20,0,0.6,2.6
2526,E0,2026-05-10,Burnley,Aston Villa,1,2,2,1,36,21,1,0.8,2.4
2526,E0,2026-05-18,Burnley,Arsenal,0,0,1,0,37,21,1,0.8,2.2
2526,E0,2026-05-24,Burnley,Wolves,1,1,1,1,38,22,2,0.8,1.6
2526,E0,2025-08-17,Chelsea,Crystal Palace,1,0,0,1,1,1,1,0.0,0.0
2526,E0,2025-08-22,Chelsea,West Ham,0,5,1,3,2,4,4,2.5,0.5
2526,E0,2025-08-30,Chelsea,Fulham,1,2,0,3,3,7,7,2.3333333333333335,0.3333333333333333
2526,E0,2025-09-13,Chelsea,Brentford,0,2,2,1,4,8,8,2.25,0.75
2526,E0,2025-09-20,Chelsea,Man United,0,1,2,0,5,8,8,2.0,1.0
2526,E0,2025-09-27,Chelsea,Brighton,1,1,3,0,6,8,7,2.2,1.6
2526,E0,2025-10-04,Chelsea,Liverpool,1,2,1,3,7,11,7,1.6,1.6
2526,E0,2025-10-18,Chelsea,Nott'm Forest,0,3,0,3,8,14,7,1.8,1.6
2526,E0,2025-10-25,Chelsea,Sunderland,1,1,2,0,9,14,6,1.6,1.6
2526,E0,2025-11-01,Chelsea,Tottenham,0,1,0,3,10,17,9,1.6,1.2
2526,E0,2025-11-08,Chelsea,Wolves,1,3,0,3,11,20,12,2.0,0.6
2526,E0,2025-11-22,Chelsea,Burnley,0,2,0,3,12,23,12,2.0,0.4
2526,E0,2025-11-30,Chelsea,Arsenal,1,1,1,1,13,24,10,1.6,0.6
2526,E0,2025-12-03,Chelsea,Leeds,0,1,3,0,14,24,10,1.6,0.8
2526,E0,2025-12-06,Chelsea,Bournemouth,0,0,0,1,15,25,8,1.4,0.8
2526,E0,2025-12-13,Chelsea,Everton,1,2,0,3,16,28,8,1.2,0.8
2526,E0,2025-12-20,Chelsea,Newcastle,0,2,2,1,17,29,6,1.2,1.2
2526,E0,2025-12-27,Chelsea,Aston Villa,1,1,2,0,18,29,5,1.2,1.4
2526,E0,2025-12-30,Chelsea,Bournemouth,1,2,2,1,19,30,6,1.4,1.2
2526,E0,2026-01-04,Chelsea,Man City,0,1,1,1,20,31,6,1.6,1.4
2526,E0,2026-01-07,Chelsea,Fulham,0,1,2,0,21,31,3,1.4,1.8
2526,E0,2026-01-17,Chelsea,Brentford,1,2,0,3,22,34,5,1.4,1.4
2526,E0,2026-01-25,Chelsea,Crystal Palace,0,3,1,3,23,37,8,1.8,1.2
2526,E0,2026-01-31,Chelsea,West Ham,1,3,2,3,24,40,10,2.0,1.2
2526,E0,2026-02-07,Chelsea,Wolves,0,3,1,3,25,43,12,2.4,1.2
2526,E0,2026-02-10,Chelsea,Leeds,1,2,2,1,26,44,13,2.6,1.2
2526,E0,2026-02-21,Chelsea,Burnley,1,1,1,1,27,45,11,2.4,1.4
2526,E0,2026-03-01,Chelsea,Arsenal,0,1,2,0,28,45,8,2.0,1.6
2526,E0,2026-03-04,Chelsea,Aston Villa,0,4,1,3,29,48,8,2.2,1.4
2526,E0,2026-03-14,Chelsea,Newcastle,1,0,1,0,30,48,5,1.6,1.4
2526,E0,2026-03-21,Chelsea,Everton,0,0,3,0,31,48,4,1.2,1.6
2526,E0,2026-04-12,Chelsea,Man City,1,0,3,0,32,48,3,1.0,2.0
2526,E0,2026-04-18,Chelsea,Man United,1,0,1,0,33,48,3,0.8,1.8
2526,E0,2026-04-21,Chelsea,Brighton,0,0,3,0,34,48,0,0.0,2.2
2526,E0,2026-05-04,Chelsea,Nott'm Forest,1,1,3,0,35,48,0,0.2,2.6
2526,E0,2026-05-09,Chelsea,Liverpool,0,1,1,1,36,49,1,0.4,2.2
2526,E0,2026-05-19,Chelsea,Tottenham,1,2,1,3,37,52,4,0.8,1.8
2526,E0,2026-05-24,Chelsea,Sunderland,0,1,2,0,38,52,4,1.0,2.0
2526,E0,2025-08-17,Crystal Palace,Chelsea,0,0,0,1,1,1,1,0.0,0.0
2526,E0,2025-08-24,Crystal Palace,Nott'm Forest,1,1,1,1,2,2,2,0.5,0.5
2526,E0,2025-08-31,Crystal Palace,Aston Villa,0,3,0,3,3,5,5,1.3333333333333333,0.3333333333333333
2526,E0,2025-09-13,Crystal Palace,Sunderland,1,0,0,1,4,6,6,1.0,0.25
2526,E0,2025-09-20,Crystal Palace,West Ham,0,2,1,3,5,9,9,1.2,0.4
2526,E0,2025-09-27,Crystal Palace,Liverpool,1,2,1,3,6,12,11,1.6,0.6
2526,E0,2025-10-05,Crystal Palace,Everton,0,1,2,0,7,12,10,1.6,0.8
2526,E0,2025-10-18,Crystal Palace,Bournemouth,1,3,3,1,8,13,8,1.6,1.4
2526,E0,2025-10-26,Crystal Palace,Arsenal,0,0,1,0,9,13,7,1.6,1.6
2526,E0,2025-11-01,Crystal Palace,Brentford,1,2,0,3,10,16,7,1.6,1.4
2526,E0,2025-11-09,Crystal Palace,Brighton,1,0,0,1,11,17,5,1.2,1.2
2526,E0,2025-11-22,Crystal Palace,Wolves,0,2,0,3,12,20,8,1.4,0.8
2526,E0,2025-11-30,Crystal Palace,Man United,1,1,2,0,13,20,7,1.0,0.6
2526,E0,2025-12-03,Crystal Palace,Burnley,0,1,0,3,14,23,10,1.2,0.4
2526,E0,2025-12-07,Crystal Palace,Fulham,0,2,1,3,15,26,10,1.2,0.6
2526,E0,2025-12-14,Crystal Palace,Man City,1,0,3,0,16,26,9,1.2,1.2
2526,E0,2025-12-20,Crystal Palace,Leeds,0,1,4,0,17,26,6,1.0,2.0
2526,E0,2025-12-28,Crystal Palace,Tottenham,1,0,1,0,18,26,6,0.8,1.8
2526,E0,2026-01-01,Crystal Palace,Fulham,1,1,1,1,19,27,4,0.8,2.0
2526,E0,2026-01-04,Crystal Palace,Newcastle,0,0,2,0,20,27,1,0.4,2.2
2526,E0,2026-01-07,Crystal Palace,Aston Villa,1,0,0,1,21,28,2,0.4,1.6
2526,E0,2026-01-17,Crystal Palace,Sunderland,0,1,2,0,22,28,2,0.4,1.2
2526,E0,2026-01-25,Crystal Palace,Chelsea,1,1,3,0,23,28,2,0.6,1.6
2526,E0,2026-02-01,Crystal Palace,Nott'm Forest,0,1,1,1,24,29,2,0.6,1.6
2526,E0,2026-02-08,Crystal Palace,Brighton,0,1,0,3,25,32,5,0.8,1.2
2526,E0,2026-02-11,Crystal Palace,Burnley,1,2,3,0,26,32,4,1.2,1.8
2526,E0,2026-02-22,Crystal Palace,Wolves,1,1,0,3,27,35,7,1.2,1.4
2526,E0,2026-03-01,Crystal Palace,Man United,0,1,2,0,28,35,7,1.2,1.2
2526,E0,2026-03-05,Crystal Palace,Tottenham,0,3,1,3,29,38,9,1.6,1.2
2526,E0,2026-03-15,Crystal Palace,Leeds,1,0,0,1,30,39,7,1.4,1.2
2526,E0,2026-04-12,Crystal Palace,Newcastle,1,2,1,3,31,42,10,1.4,0.8
2526,E0,2026-04-20,Crystal Palace,West Ham,1,0,0,1,32,43,8,1.2,0.8
2526,E0,2026-04-25,Crystal Palace,Liverpool,0,1,3,0,33,43,8,1.2,1.0
2526,E0,2026-05-03,Crystal Palace,Bournemouth,0,0,3,0,34,43,5,0.6,1.4
2526,E0,2026-05-10,Crystal Palace,Everton,1,2,2,1,35,44,5,1.0,1.8
2526,E0,2026-05-13,Crystal Palace,Man City,0,0,3,0,36,44,2,0.6,2.2
2526,E0,2026-05-17,Crystal Palace,Brentford,0,2,2,1,37,45,2,1.0,2.6
2526,E0,2026-05-24,Crystal Palace,Arsenal,1,1,2,0,38,45,2,1.0,2.4
2526,E0,2025-08-18,Everton,Leeds,0,0,1,0,1,0,0,0.0,1.0
2526,E0,2025-08-24,Everton,Brighton,1,2,0,3,2,3,3,1.0,0.5
2526,E0,2025-08-30,Everton,Wolves,0,3,2,3,3,6,6,1.6666666666666667,1.0
2526,E0,2025-09-13,Everton,Aston Villa,1,0,0,1,4,7,7,1.25,0.75
2526,E0,2025-09-20,Everton,Liverpool,0,1,2,0,5,7,7,1.2,1.0
2526,E0,2025-09-29,Everton,West Ham,1,1,1,1,6,8,8,1.4,1.0
2526,E0,2025-10-05,Everton,Crystal Palace,1,2,1,3,7,11,8,1.4,1.2
2526,E0,2025-10-18,Everton,Man City,0,0,2,0,8,11,5,0.8,1.2
2526,E0,2025-10-26,Everton,Tottenham,1,0,3,0,9,11,4,0.8,1.8
2526,E0,2025-11-03,Everton,Sunderland,0,1,1,1,10,12,5,0.8,1.6
2526,E0,2025-11-08,Everton,Fulham,1,2,0,3,11,15,7,1.0,1.4
2526,E0,2025-11-24,Everton,Man United,0,1,0,3,12,18,7,0.8,1.2
2526,E0,2025-11-29,Everton,Newcastle,1,1,4,0,13,18,7,1.0,1.6
2526,E0,2025-12-02,Everton,Bournemouth,0,1,0,3,14,21,10,1.2,1.0
2526,E0,2025-12-06,Everton,Nott'm Forest,1,3,0,3,15,24,12,1.6,0.8
2526,E0,2025-12-13,Everton,Chelsea,0,0,2,0,16,24,9,1.2,1.2
2526,E0,2025-12-20,Everton,Arsenal,1,0,1,0,17,24,6,1.0,1.4
2526,E0,2025-12-27,Everton,Burnley,0,0,0,1,18,25,7,0.8,0.6
2526,E0,2025-12-30,Everton,Nott'm Forest,0,2,0,3,19,28,7,1.0,0.6
2526,E0,2026-01-04,Everton,Brentford,1,2,4,0,20,28,4,0.8,1.4
2526,E0,2026-01-07,Everton,Wolves,1,1,1,1,21,29,5,1.0,1.2
2526,E0,2026-01-18,Everton,Aston Villa,0,1,0,3,22,32,8,1.2,1.0
2526,E0,2026-01-26,Everton,Leeds,1,1,1,1,23,33,8,1.4,1.2
2526,E0,2026-01-31,Everton,Brighton,0,1,1,1,24,34,6,1.2,1.4
2526,E0,2026-02-07,Everton,Fulham,0,2,1,3,25,37,9,1.2,0.8
2526,E0,2026-02-10,Everton,Bournemouth,1,1,2,0,26,37,8,1.2,1.0
2526,E0,2026-02-23,Everton,Man United,1,0,1,0,27,37,5,1.0,1.2
2526,E0,2026-02-28,Everton,Newcastle,0,3,2,3,28,40,7,1.4,1.4
2526,E0,2026-03-03,Everton,Burnley,1,2,0,3,29,43,9,1.6,1.2
2526,E0,2026-03-14,Everton,Arsenal,0,0,2,0,30,43,6,1.2,1.4
2526,E0,2026-03-21,Everton,Chelsea,1,3,0,3,31,46,9,1.6,1.0
2526,E0,2026-04-11,Everton,Brentford,0,2,2,1,32,47,10,2.0,1.2
2526,E0,2026-04-19,Everton,Liverpool,1,1,2,0,33,47,7,1.6,1.2
2526,E0,2026-04-25,Everton,West Ham,0,1,2,0,34,47,4,1.4,1.6
2526,E0,2026-05-04,Everton,Man City,1,3,3,1,35,48,5,2.0,1.8
2526,E0,2026-05-10,Everton,Crystal Palace,0,2,2,1,36,49,3,1.8,2.2
2526,E0,2026-05-17,Everton,Sunderland,1,1,3,0,37,49,2,1.6,2.4
2526,E0,2026-05-24,Everton,Tottenham,0,0,1,0,38,49,2,1.4,2.2
2526,E0,2025-08-16,Fulham,Brighton,0,1,1,1,1,1,1,1.0,1.0
2526,E0,2025-08-24,Fulham,Man United,1,1,1,1,2,2,2,1.0,1.0
2526,E0,2025-08-30,Fulham,Chelsea,0,0,2,0,3,2,2,0.6666666666666666,1.3333333333333333
2526,E0,2025-09-13,Fulham,Leeds,1,1,0,3,4,5,5,0.75,1.0
2526,E0,2025-09-20,Fulham,Brentford,1,3,1,3,5,8,8,1.2,1.0
2526,E0,2025-09-28,Fulham,Aston Villa,0,1,3,0,6,8,7,1.2,1.4
2526,E0,2025-10-03,Fulham,Bournemouth,0,1,3,0,7,8,6,1.2,1.8
2526,E0,2025-10-18,Fulham,Arsenal,1,0,1,0,8,8,6,1.2,1.6
2526,E0,2025-10-25,Fulham,Newcastle,0,1,2,0,9,8,3,1.2,2.0
2526,E0,2025-11-01,Fulham,Wolves,1,3,0,3,10,11,3,1.2,1.8
2526,E0,2025-11-08,Fulham,Everton,0,0,2,0,11,11,3,1.0,1.6
2526,E0,2025-11-22,Fulham,Sunderland,1,1,0,3,12,14,6,1.0,1.0
2526,E0,2025-11-29,Fulham,Tottenham,0,2,1,3,13,17,9,1.4,1.0
2526,E0,2025-12-02,Fulham,Man City,1,4,5,0,14,17,9,2.0,1.6
2526,E0,2025-12-07,Fulham,Crystal Palace,1,1,2,0,15,17,6,1.6,2.0
2526,E0,2025-12-13,Fulham,Burnley,0,3,2,3,16,20,9,2.2,2.0
2526,E0,2025-12-22,Fulham,Nott'm Forest,1,1,0,3,17,23,9,2.2,2.0
2526,E0,2025-12-27,Fulham,West Ham,0,1,0,3,18,26,9,2.0,1.8
2526,E0,2026-01-01,Fulham,Crystal Palace,0,1,1,1,19,27,10,1.4,1.0
2526,E0,2026-01-04,Fulham,Liverpool,1,2,2,1,20,28,11,1.6,1.0
2526,E0,2026-01-07,Fulham,Chelsea,1,2,1,3,21,31,11,1.4,0.8
2526,E0,2026-01-17,Fulham,Leeds,0,0,1,0,22,31,8,1.2,1.0
2526,E0,2026-01-24,Fulham,Brighton,1,2,1,3,23,34,8,1.4,1.2
2526,E0,2026-02-01,Fulham,Man United,0,2,3,0,24,34,7,1.6,1.6
2526,E0,2026-02-07,Fulham,Everton,1,1,2,0,25,34,6,1.4,1.6
2526,E0,2026-02-11,Fulham,Man City,0,0,3,0,26,34,3,1.0,2.0
2526,E0,2026-02-22,Fulham,Sunderland,0,3,1,3,27,37,6,1.6,2.0
2526,E0,2026-03-01,Fulham,Tottenham,1,2,1,3,28,40,6,1.6,2.0
2526,E0,2026-03-04,Fulham,West Ham,1,0,1,0,29,40,6,1.2,1.6
2526,E0,2026-03-15,Fulham,Nott'm Forest,0,0,0,1,30,41,7,1.0,1.2
2526,E0,2026-03-21,Fulham,Burnley,1,3,1,3,31,44,10,1.6,0.8
2526,E0,2026-04-11,Fulham,Liverpool,0,0,2,0,32,44,7,1.0,1.0
2526,E0,2026-04-18,Fulham,Brentford,0,0,0,1,33,45,5,0.6,0.8
2526,E0,2026-04-25,Fulham,Aston Villa,1,1,0,3,34,48,8,0.8,0.6
2526,E0,2026-05-02,Fulham,Arsenal,0,0,3,0,35,48,7,0.8,1.2
2526,E0,2026-05-09,Fulham,Bournemouth,1,0,1,0,36,48,4,0.2,1.2
2526,E0,2026-05-17,Fulham,Wolves,0,1,1,1,37,49,5,0.4,1.0
2526,E0,2026-05-24,Fulham,Newcastle,1,2,0,3,38,52,7,0.8,1.0
2526,E0,2025-08-18,Leeds,Everton,1,1,0,3,1,3,3,1.0,0.0
2526,E0,2025-08-23,Leeds,Arsenal,0,0,5,0,2,3,3,0.5,2.5
2526,E0,2025-08-30,Leeds,Newcastle,1,0,0,1,3,4,4,0.3333333333333333,1.6666666666666667
2526,E0,2025-09-13,Leeds,Fulham,0,0,1,0,4,4,4,0.25,1.5
2526,E0,2025-09-20,Leeds,Wolves,0,3,1,3,5,7,7,0.8,1.4
2526,E0,2025-09-27,Leeds,Bournemouth,1,2,2,1,6,8,5,1.0,1.8
2526,E0,2025-10-04,Leeds,Tottenham,1,1,2,0,7,8,5,1.2,1.2
2526,E0,2025-10-18,Leeds,Burnley,0,0,2,0,8,8,4,1.2,1.6
2526,E0,2025-10-24,Leeds,West Ham,1,2,1,3,9,11,7,1.6,1.6
2526,E0,2025-11-01,Leeds,Brighton,0,0,3,0,10,11,4,1.0,2.0
2526,E0,2025-11-09,Leeds,Nott'm Forest,0,1,3,0,11,11,3,0.8,2.2
2526,E0,2025-11-23,Leeds,Aston Villa,1,1,2,0,12,11,3,0.8,2.2
2526,E0,2025-11-29,Leeds,Man City,0,2,3,0,13,11,3,1.2,2.4
2526,E0,2025-12-03,Leeds,Chelsea,1,3,1,3,14,14,3,1.4,2.4
2526,E0,2025-12-06,Leeds,Liverpool,1,3,3,1,15,15,4,2.0,2.4
2526,E0,2025-12-14,Leeds,Brentford,0,1,1,1,16,16,5,2.0,2.0
2526,E0,2025-12-20,Leeds,Crystal Palace,1,4,1,3,17,19,8,2.6,1.8
2526,E0,2025-12-28,Leeds,Sunderland,0,1,1,1,18,20,9,2.4,1.4
2526,E0,2026-01-01,Leeds,Liverpool,0,0,0,1,19,21,7,1.8,1.2
2526,E0,2026-01-04,Leeds,Man United,1,1,1,1,20,22,7,1.4,0.8
2526,E0,2026-01-07,Leeds,Newcastle,0,3,4,0,21,22,6,1.8,1.4
2526,E0,2026-01-17,Leeds,Fulham,1,1,0,3,22,25,6,1.2,1.2
2526,E0,2026-01-26,Leeds,Everton,0,1,1,1,23,26,6,1.2,1.2
2526,E0,2026-01-31,Leeds,Arsenal,1,0,4,0,24,26,5,1.2,2.0
2526,E0,2026-02-06,Leeds,Nott'm Forest,1,3,1,3,25,29,7,1.6,2.0
2526,E0,2026-02-10,Leeds,Chelsea,0,2,2,1,26,30,8,1.4,1.6
2526,E0,2026-02-21,Leeds,Aston Villa,0,1,1,1,27,31,6,1.4,1.8
2526,E0,2026-02-28,Leeds,Man City,1,0,1,0,28,31,5,1.2,1.8
2526,E0,2026-03-03,Leeds,Sunderland,1,0,1,0,29,31,5,1.2,1.2
2526,E0,2026-03-15,Leeds,Crystal Palace,0,0,0,1,30,32,3,0.6,1.0
2526,E0,2026-03-21,Leeds,Brentford,1,0,0,1,31,33,3,0.2,0.6
2526,E0,2026-04-13,Leeds,Man United,0,2,1,3,32,36,5,0.4,0.6
2526,E0,2026-04-18,Leeds,Wolves,1,3,0,3,33,39,8,1.0,0.4
2526,E0,2026-04-22,Leeds,Bournemouth,0,2,2,1,34,40,9,1.4,0.6
2526,E0,2026-05-01,Leeds,Burnley,1,3,1,3,35,43,11,2.0,0.8
2526,E0,2026-05-11,Leeds,Tottenham,0,1,1,1,36,44,11,2.2,1.0
2526,E0,2026-05-17,Leeds,Brighton,1,1,0,3,37,47,11,2.0,0.8
2526,E0,2026-05-24,Leeds,West Ham,0,0,3,0,38,47,8,1.4,1.4
2526,E0,2025-08-15,Liverpool,Bournemouth,1,4,2,3,1,3,3,4.0,2.0
2526,E0,2025-08-25,Liverpool,Newcastle,0,3,2,3,2,6,6,3.5,2.0
2526,E0,2025-08-31,Liverpool,Arsenal,1,1,0,3,3,9,9,2.6666666666666665,1.3333333333333333
2526,E0,2025-09-14,Liverpool,Burnley,0,1,0,3,4,12,12,2.25,1.0
2526,E0,2025-09-20,Liverpool,Everton,1,2,1,3,5,15,15,2.2,1.0
2526,E0,2025-09-27,Liverpool,Crystal Palace,0,1,2,0,6,15,12,1.6,1.0
2526,E0,2025-10-04,Liverpool,Chelsea,0,1,2,0,7,15,9,1.2,1.0
2526,E0,2025-10-19,Liverpool,Man United,1,1,2,0,8,15,6,1.2,1.4
2526,E0,2025-10-25,Liverpool,Brentford,0,2,3,0,9,15,3,1.4,2.0
2526,E0,2025-11-01,Liverpool,Aston Villa,1,2,0,3,10,18,3,1.4,1.8
2526,E0,2025-11-09,Liverpool,Man City,0,0,3,0,11,18,3,1.2,2.0
2526,E0,2025-11-22,Liverpool,Nott'm Forest,1,0,3,0,12,18,3,1.0,2.2
2526,E0,2025-11-30,Liverpool,West Ham,0,2,0,3,13,21,6,1.2,1.8
2526,E0,2025-12-03,Liverpool,Sunderland,1,1,1,1,14,22,7,1.0,1.4
2526,E0,2025-12-06,Liverpool,Leeds,0,3,3,1,15,23,5,1.2,2.0
2526,E0,2025-12-13,Liverpool,Brighton,1,2,0,3,16,26,8,1.6,1.4
2526,E0,2025-12-20,Liverpool,Tottenham,0,2,1,3,17,29,11,2.0,1.0
2526,E0,2025-12-27,Liverpool,Wolves,1,2,1,3,18,32,11,2.0,1.2
2526,E0,2026-01-01,Liverpool,Leeds,1,0,0,1,19,33,11,1.8,1.0
2526,E0,2026-01-04,Liverpool,Fulham,0,2,2,1,20,34,11,1.6,0.8
2526,E0,2026-01-08,Liverpool,Arsenal,0,0,0,1,21,35,9,1.2,0.8
2526,E0,2026-01-17,Liverpool,Burnley,1,1,1,1,22,36,7,1.0,0.8
2526,E0,2026-01-24,Liverpool,Bournemouth,0,2,3,0,23,36,4,1.0,1.2
2526,E0,2026-01-31,Liverpool,Newcastle,1,4,1,3,24,39,6,1.8,1.4
2526,E0,2026-02-08,Liverpool,Man City,1,1,2,0,25,39,5,1.6,1.4
2526,E0,2026-02-11,Liverpool,Sunderland,0,1,0,3,26,42,7,1.8,1.4
2526,E0,2026-02-22,Liverpool,Nott'm Forest,0,1,0,3,27,45,9,1.8,1.2
2526,E0,2026-02-28,Liverpool,West Ham,1,5,2,3,28,48,12,2.4,1.0
2526,E0,2026-03-03,Liverpool,Wolves,0,1,2,0,29,48,9,1.8,1.2
2526,E0,2026-03-15,Liverpool,Tottenham,1,1,1,1,30,49,10,1.8,1.0
2526,E0,2026-03-21,Liverpool,Brighton,0,1,2,0,31,49,7,1.8,1.4
2526,E0,2026-04-11,Liverpool,Fulham,1,2,0,3,32,52,7,2.0,1.4
2526,E0,2026-04-19,Liverpool,Everton,0,2,1,3,33,55,7,1.4,1.2
2526,E0,2026-04-25,Liverpool,Crystal Palace,1,3,1,3,34,58,10,1.8,1.0
2526,E0,2026-05-03,Liverpool,Man United,0,2,3,0,35,58,9,2.0,1.4
2526,E0,2026-05-09,Liverpool,Chelsea,1,1,1,1,36,59,10,2.0,1.2
2526,E0,2026-05-15,Liverpool,Aston Villa,0,2,4,0,37,59,7,2.0,2.0
2526,E0,2026-05-24,Liverpool,Brentford,1,1,1,1,38,60,5,1.8,2.0
2526,E0,2025-08-16,Man City,Wolves,0,4,0,3,1,3,3,4.0,0.0
2526,E0,2025-08-23,Man City,Tottenham,1,0,2,0,2,3,3,2.0,1.0
2526,E0,2025-08-31,Man City,Brighton,0,1,2,0,3,3,3,1.6666666666666667,1.3333333333333333
2526,E0,2025-09-14,Man City,Man United,1,3,0,3,4,6,6,2.0,1.0
2526,E0,2025-09-21,Man City,Arsenal,0,1,1,1,5,7,7,1.8,1.0
2526,E0,2025-09-27,Man City,Burnley,1,5,1,3,6,10,7,2.0,1.2
2526,E0,2025-10-05,Man City,Brentford,0,1,0,3,7,13,10,2.2,0.8
2526,E0,2025-10-18,Man City,Everton,1,2,0,3,8,16,13,2.4,0.4
2526,E0,2025-10-26,Man City,Aston Villa,0,0,1,0,9,16,10,1.8,0.6
2526,E0,2025-11-02,Man City,Bournemouth,1,3,1,3,10,19,12,2.2,0.6
2526,E0,2025-11-09,Man City,Liverpool,1,3,0,3,11,22,12,1.8,0.4
2526,E0,2025-11-22,Man City,Newcastle,0,1,2,0,12,22,9,1.8,0.8
2526,E0,2025-11-29,Man City,Leeds,1,3,2,3,13,25,9,2.0,1.2
2526,E0,2025-12-02,Man City,Fulham,0,5,4,3,14,28,12,3.0,1.8
2526,E0,2025-12-06,Man City,Sunderland,1,3,0,3,15,31,12,3.0,1.6
2526,E0,2025-12-14,Man City,Crystal Palace,0,3,0,3,16,34,12,3.0,1.6
2526,E0,2025-12-20,Man City,West Ham,1,3,0,3,17,37,15,3.4,1.2
2526,E0,2025-12-27,Man City,Nott'm Forest,0,2,1,3,18,40,15,3.2,1.0
2526,E0,2026-01-01,Man City,Sunderland,0,0,0,1,19,41,13,2.2,0.2
2526,E0,2026-01-04,Man City,Chelsea,1,1,1,1,20,42,11,1.8,0.4
2526,E0,2026-01-07,Man City,Brighton,1,1,1,1,21,43,9,1.4,0.6
2526,E0,2026-01-17,Man City,Man United,0,0,2,0,22,43,6,0.8,1.0
2526,E0,2026-01-24,Man City,Wolves,1,2,0,3,23,46,6,0.8,0.8
2526,E0,2026-02-01,Man City,Tottenham,0,2,2,1,24,47,6,1.2,1.2
2526,E0,2026-02-08,Man City,Liverpool,0,2,1,3,25,50,8,1.4,1.2
2526,E0,2026-02-11,Man City,Fulham,1,3,0,3,26,53,10,1.8,1.0
2526,E0,2026-02-21,Man City,Newcastle,1,2,1,3,27,56,13,2.2,0.8
2526,E0,2026-02-28,Man City,Leeds,0,1,0,3,28,59,13,2.0,0.8
2526,E0,2026-03-04,Man City,Nott'm Forest,1,2,2,1,29,60,13,2.0,0.8
2526,E0,2026-03-14,Man City,West Ham,0,1,1,1,30,61,11,1.8,0.8
2526,E0,2026-04-12,Man City,Chelsea,0,3,0,3,31,64,11,1.8,0.8
2526,E0,2026-04-19,Man City,Arsenal,1,2,1,3,32,67,11,1.8,0.8
2526,E0,2026-04-22,Man City,Burnley,0,1,0,3,33,70,11,1.8,0.8
2526,E0,2026-05-04,Man City,Everton,0,3,3,1,34,71,11,2.0,1.0
2526,E0,2026-05-09,Man City,Brentford,1,3,0,3,35,74,13,2.4,0.8
2526,E0,2026-05-13,Man City,Crystal Palace,1,3,0,3,36,77,13,2.4,0.8
2526,E0,2026-05-19,Man City,Bournemouth,0,1,1,1,37,78,11,2.2,0.8
2526,E0,2026-05-24,Man City,Aston Villa,1,1,2,0,38,78,8,2.2,1.2
2526,E0,2025-08-17,Man United,Arsenal,1,0,1,0,1,0,0,0.0,1.0
2526,E0,2025-08-24,Man United,Fulham,0,1,1,1,2,1,1,0.5,1.0
2526,E0,2025-08-30,Man United,Burnley,1,3,2,3,3,4,4,1.3333333333333333,1.3333333333333333
2526,E0,2025-09-14,Man United,Man City,0,0,3,0,4,4,4,1.0,1.75
2526,E0,2025-09-20,Man United,Chelsea,1,2,1,3,5,7,7,1.2,1.6
2526,E0,2025-09-27,Man United,Brentford,0,1,3,0,6,7,7,1.4,2.0
2526,E0,2025-10-04,Man United,Sunderland,1,2,0,3,7,10,9,1.6,1.8
2526,E0,2025-10-19,Man United,Liverpool,0,2,1,3,8,13,9,1.4,1.6
2526,E0,2025-10-25,Man United,Brighton,1,4,2,3,9,16,12,2.2,1.4
2526,E0,2025-11-01,Man United,Nott'm Forest,0,2,2,1,10,17,10,2.2,1.6
2526,E0,2025-11-08,Man United,Tottenham,0,2,2,1,11,18,11,2.4,1.4
2526,E0,2025-11-24,Man United,Everton,1,0,1,0,12,18,8,2.0,1.6
2526,E0,2025-11-30,Man United,Crystal Palace,0,2,1,3,13,21,8,2.0,1.6
2526,E0,2025-12-04,Man United,West Ham,1,1,1,1,14,22,6,1.4,1.4
2526,E0,2025-12-08,Man United,Wolves,0,4,1,3,15,25,8,1.8,1.2
2526,E0,2025-12-15,Man United,Bournemouth,1,4,4,1,16,26,8,2.2,1.6
2526,E0,2025-12-21,Man United,Aston Villa,0,1,2,0,17,26,8,2.4,1.8
2526,E0,2025-12-26,Man United,Newcastle,1,1,0,3,18,29,8,2.2,1.6
2526,E0,2025-12-30,Man United,Wolves,1,1,1,1,19,30,8,2.2,1.6
2526,E0,2026-01-04,Man United,Leeds,0,1,1,1,20,31,6,1.6,1.6
2526,E0,2026-01-07,Man United,Burnley,0,2,2,1,21,32,6,1.2,1.2
2526,E0,2026-01-17,Man United,Man City,1,2,0,3,22,35,9,1.4,0.8
2526,E0,2026-01-25,Man United,Arsenal,0,3,2,3,23,38,9,1.8,1.2
2526,E0,2026-02-01,Man United,Fulham,1,3,2,3,24,41,11,2.2,1.4
2526,E0,2026-02-07,Man United,Tottenham,1,2,0,3,25,44,13,2.4,1.2
2526,E0,2026-02-10,Man United,West Ham,0,1,1,1,26,45,13,2.2,1.0
2526,E0,2026-02-23,Man United,Everton,0,1,0,3,27,48,13,2.0,1.0
2526,E0,2026-03-01,Man United,Crystal Palace,1,2,1,3,28,51,13,1.8,0.8
2526,E0,2026-03-04,Man United,Newcastle,0,1,2,0,29,51,10,1.4,0.8
2526,E0,2026-03-15,Man United,Aston Villa,1,3,1,3,30,54,10,1.6,1.0
2526,E0,2026-03-20,Man United,Bournemouth,0,2,2,1,31,55,10,1.8,1.2
2526,E0,2026-04-13,Man United,Leeds,1,1,2,0,32,55,7,1.8,1.6
2526,E0,2026-04-18,Man United,Chelsea,0,1,0,3,33,58,7,1.6,1.4
2526,E0,2026-04-27,Man United,Brentford,1,2,1,3,34,61,10,1.8,1.2
2526,E0,2026-05-03,Man United,Liverpool,1,3,2,3,35,64,10,1.8,1.4
2526,E0,2026-05-09,Man United,Sunderland,0,0,0,1,36,65,10,1.4,1.0
2526,E0,2026-05-17,Man United,Nott'm Forest,1,3,2,3,37,68,13,1.8,1.0
2526,E0,2026-05-24,Man United,Brighton,0,3,0,3,38,71,13,2.2,1.0
2526,E0,2025-08-16,Newcastle,Aston Villa,0,0,0,1,1,1,1,0.0,0.0
2526,E0,2025-08-25,Newcastle,Liverpool,1,2,3,0,2,1,1,1.0,1.5
2526,E0,2025-08-30,Newcastle,Leeds,0,0,0,1,3,2,2,0.6666666666666666,1.0
2526,E0,2025-09-13,Newcastle,Wolves,1,1,0,3,4,5,5,0.75,0.75
2526,E0,2025-09-21,Newcastle,Bournemouth,0,0,0,1,5,6,6,0.6,0.6
2526,E0,2025-09-28,Newcastle,Arsenal,1,1,2,0,6,6,5,0.8,1.0
2526,E0,2025-10-05,Newcastle,Nott'm Forest,1,2,0,3,7,9,8,0.8,0.4
2526,E0,2025-10-18,Newcastle,Brighton,0,1,2,0,8,9,7,1.0,0.8
2526,E0,2025-10-25,Newcastle,Fulham,1,2,1,3,9,12,7,1.2,1.0
2526,E0,2025-11-02,Newcastle,West Ham,0,1,3,0,10,12,6,1.4,1.6
2526,E0,2025-11-09,Newcastle,Brentford,0,1,3,0,11,12,6,1.4,1.8
2526,E0,2025-11-22,Newcastle,Man City,1,2,1,3,12,15,6,1.4,2.0
2526,E0,2025-11-29,Newcastle,Everton,0,4,1,3,13,18,9,2.0,1.8
2526,E0,2025-12-02,Newcastle,Tottenham,1,2,2,1,14,19,7,2.0,2.0
2526,E0,2025-12-06,Newcastle,Burnley,1,2,1,3,15,22,10,2.2,1.6
2526,E0,2025-12-14,Newcastle,Sunderland,0,0,1,0,16,22,10,2.0,1.2
2526,E0,2025-12-20,Newcastle,Chelsea,1,2,2,1,17,23,8,2.0,1.4
2526,E0,2025-12-26,Newcastle,Man United,0,0,1,0,18,23,5,1.2,1.4
2526,E0,2025-12-30,Newcastle,Burnley,0,3,1,3,19,26,7,1.4,1.2
2526,E0,2026-01-04,Newcastle,Crystal Palace,1,2,0,3,20,29,7,1.4,1.0
2526,E0,2026-01-07,Newcastle,Leeds,1,4,3,3,21,32,10,2.2,1.4
2526,E0,2026-01-18,Newcastle,Wolves,0,0,0,1,22,33,10,1.8,1.0
2526,E0,2026-01-25,Newcastle,Aston Villa,1,0,2,0,23,33,10,1.8,1.2
2526,E0,2026-01-31,Newcastle,Liverpool,0,1,4,0,24,33,7,1.4,1.8
2526,E0,2026-02-07,Newcastle,Brentford,1,2,3,0,25,33,4,1.4,2.4
2526,E0,2026-02-10,Newcastle,Tottenham,0,2,1,3,26,36,4,1.0,2.0
2526,E0,2026-02-21,Newcastle,Man City,0,1,2,0,27,36,3,1.2,2.4
2526,E0,2026-02-28,Newcastle,Everton,1,2,3,0,28,36,3,1.6,2.6
2526,E0,2026-03-04,Newcastle,Man United,1,2,1,3,29,39,6,1.8,2.0
2526,E0,2026-03-14,Newcastle,Chelsea,0,1,0,3,30,42,9,1.6,1.4
2526,E0,2026-03-22,Newcastle,Sunderland,1,1,2,0,31,42,6,1.4,1.6
2526,E0,2026-04-12,Newcastle,Crystal Palace,0,1,2,0,32,42,6,1.4,1.6
2526,E0,2026-04-18,Newcastle,Bournemouth,1,1,2,0,33,42,6,1.2,1.4
2526,E0,2026-04-25,Newcastle,Arsenal,0,0,1,0,34,42,3,0.8,1.4
2526,E0,2026-05-02,Newcastle,Brighton,1,3,1,3,35,45,3,1.2,1.6
2526,E0,2026-05-10,Newcastle,Nott'm Forest,0,1,1,1,36,46,4,1.2,1.4
2526,E0,2026-05-17,Newcastle,West Ham,1,3,1,3,37,49,7,1.6,1.2
2526,E0,2026-05-24,Newcastle,Fulham,0,0,2,0,38,49,7,1.4,1.2
2526,E0,2025-08-17,Nott'm Forest,Brentford,1,3,1,3,1,3,3,3.0,1.0
2526,E0,2025-08-24,Nott'm Forest,Crystal Palace,0,1,1,1,2,4,4,2.0,1.0
2526,E0,2025-08-31,Nott'm Forest,West Ham,1,0,3,0,3,4,4,1.3333333333333333,1.6666666666666667
2526,E0,2025-09-13,Nott'm Forest,Arsenal,0,0,3,0,4,4,4,1.0,2.0
2526,E0,2025-09-20,Nott'm Forest,Burnley,0,1,1,1,5,5,5,1.0,1.8
2526,E0,2025-09-27,Nott'm Forest,Sunderland,1,0,1,0,6,5,2,0.4,1.8
2526,E0,2025-10-05,Nott'm Forest,Newcastle,0,0,2,0,7,5,1,0.2,2.0
2526,E0,2025-10-18,Nott'm Forest,Chelsea,1,0,3,0,8,5,1,0.2,2.0
2526,E0,2025-10-26,Nott'm Forest,Bournemouth,0,0,2,0,9,5,1,0.2,1.8
2526,E0,2025-11-01,Nott'm Forest,Man United,1,2,2,1,10,6,1,0.4,2.0
2526,E0,2025-11-09,Nott'm Forest,Leeds,1,3,1,3,11,9,4,1.0,2.0
2526,E0,2025-11-22,Nott'm Forest,Liverpool,0,3,0,3,12,12,7,1.6,1.6
2526,E0,2025-11-30,Nott'm Forest,Brighton,1,0,2,0,13,12,7,1.6,1.4
2526,E0,2025-12-03,Nott'm Forest,Wolves,0,1,0,3,14,15,10,1.8,1.0
2526,E0,2025-12-06,Nott'm Forest,Everton,0,0,3,0,15,15,9,1.4,1.2
2526,E0,2025-12-14,Nott'm Forest,Tottenham,1,3,0,3,16,18,9,1.4,1.0
2526,E0,2025-12-22,Nott'm Forest,Fulham,0,0,1,0,17,18,6,0.8,1.2
2526,E0,2025-12-27,Nott'm Forest,Man City,1,1,2,0,18,18,6,1.0,1.2
2526,E0,2025-12-30,Nott'm Forest,Everton,1,0,2,0,19,18,3,0.8,1.6
2526,E0,2026-01-03,Nott'm Forest,Aston Villa,0,1,3,0,20,18,3,1.0,1.6
2526,E0,2026-01-06,Nott'm Forest,West Ham,0,2,1,3,21,21,3,0.8,1.8
2526,E0,2026-01-17,Nott'm Forest,Arsenal,1,0,0,1,22,22,4,0.8,1.6
2526,E0,2026-01-25,Nott'm Forest,Brentford,0,2,0,3,23,25,7,1.0,1.2
2526,E0,2026-02-01,Nott'm Forest,Crystal Palace,1,1,1,1,24,26,8,1.2,1.0
2526,E0,2026-02-06,Nott'm Forest,Leeds,0,1,3,0,25,26,8,1.2,1.0
2526,E0,2026-02-11,Nott'm Forest,Wolves,1,0,0,1,26,27,6,0.8,0.8
2526,E0,2026-02-22,Nott'm Forest,Liverpool,1,0,1,0,27,27,5,0.8,1.0
2526,E0,2026-03-01,Nott'm Forest,Brighton,0,1,2,0,28,27,2,0.6,1.4
2526,E0,2026-03-04,Nott'm Forest,Man City,0,2,2,1,29,28,2,0.8,1.6
2526,E0,2026-03-15,Nott'm Forest,Fulham,1,0,0,1,30,29,3,0.6,1.0
2526,E0,2026-03-22,Nott'm Forest,Tottenham,0,3,0,3,31,32,5,1.2,1.0
2526,E0,2026-04-12,Nott'm Forest,Aston Villa,1,1,1,1,32,33,6,1.4,1.0
2526,E0,2026-04-19,Nott'm Forest,Burnley,1,4,1,3,33,36,9,2.0,0.8
2526,E0,2026-04-24,Nott'm Forest,Sunderland,0,5,0,3,34,39,11,2.6,0.4
2526,E0,2026-05-04,Nott'm Forest,Chelsea,0,3,1,3,35,42,13,3.2,0.6
2526,E0,2026-05-10,Nott'm Forest,Newcastle,1,1,1,1,36,43,11,2.8,0.8
2526,E0,2026-05-17,Nott'm Forest,Man United,0,2,3,0,37,43,10,3.0,1.2
2526,E0,2026-05-24,Nott'm Forest,Bournemouth,1,1,1,1,38,44,8,2.4,1.2
2526,E0,2025-08-16,Sunderland,West Ham,1,3,0,3,1,3,3,3.0,0.0
2526,E0,2025-08-23,Sunderland,Burnley,0,0,2,0,2,3,3,1.5,1.0
2526,E0,2025-08-30,Sunderland,Brentford,1,2,1,3,3,6,6,1.6666666666666667,1.0
2526,E0,2025-09-13,Sunderland,Crystal Palace,0,0,0,1,4,7,7,1.25,0.75
2526,E0,2025-09-21,Sunderland,Aston Villa,1,1,1,1,5,8,8,1.2,0.8
2526,E0,2025-09-27,Sunderland,Nott'm Forest,0,1,0,3,6,11,8,0.8,0.8
2526,E0,2025-10-04,Sunderland,Man United,0,0,2,0,7,11,8,0.8,0.8
2526,E0,2025-10-18,Sunderland,Wolves,1,2,0,3,8,14,8,0.8,0.6
2526,E0,2025-10-25,Sunderland,Chelsea,0,2,1,3,9,17,10,1.2,0.8
2526,E0,2025-11-03,Sunderland,Everton,1,1,1,1,10,18,10,1.2,0.8
2526,E0,2025-11-08,Sunderland,Arsenal,1,2,2,1,11,19,8,1.4,1.2
2526,E0,2025-11-22,Sunderland,Fulham,0,0,1,0,12,19,8,1.4,1.0
2526,E0,2025-11-29,Sunderland,Bournemouth,1,3,2,3,13,22,8,1.6,1.4
2526,E0,2025-12-03,Sunderland,Liverpool,0,1,1,1,14,23,6,1.4,1.4
2526,E0,2025-12-06,Sunderland,Man City,0,0,3,0,15,23,5,1.2,1.8
2526,E0,2025-12-14,Sunderland,Newcastle,1,1,0,3,16,26,7,1.0,1.4
2526,E0,2025-12-20,Sunderland,Brighton,0,0,0,1,17,27,8,1.0,1.2
2526,E0,2025-12-28,Sunderland,Leeds,1,1,1,1,18,28,6,0.6,1.0
2526,E0,2026-01-01,Sunderland,Man City,1,0,0,1,19,29,6,0.4,0.8
2526,E0,2026-01-04,Sunderland,Tottenham,0,1,1,1,20,30,7,0.6,0.4
2526,E0,2026-01-07,Sunderland,Brentford,0,0,3,0,21,30,4,0.4,1.0
2526,E0,2026-01-17,Sunderland,Crystal Palace,1,2,1,3,22,33,6,0.8,1.2
2526,E0,2026-01-24,Sunderland,West Ham,0,1,3,0,23,33,5,0.8,1.6
2526,E0,2026-02-02,Sunderland,Burnley,1,3,0,3,24,36,7,1.4,1.6
2526,E0,2026-02-07,Sunderland,Arsenal,0,0,3,0,25,36,6,1.2,2.0
2526,E0,2026-02-11,Sunderland,Liverpool,1,0,1,0,26,36,6,1.2,1.6
2526,E0,2026-02-22,Sunderland,Fulham,1,1,3,0,27,36,3,1.0,2.0
2526,E0,2026-02-28,Sunderland,Bournemouth,0,1,1,1,28,37,4,1.0,1.6
2526,E0,2026-03-03,Sunderland,Leeds,0,1,0,3,29,40,4,0.6,1.6
2526,E0,2026-03-14,Sunderland,Brighton,1,0,1,0,30,40,4,0.6,1.2
2526,E0,2026-03-22,Sunderland,Newcastle,0,2,1,3,31,43,7,1.0,1.2
2526,E0,2026-04-12,Sunderland,Tottenham,1,1,0,3,32,46,10,1.0,0.6
2526,E0,2026-04-19,Sunderland,Aston Villa,0,3,4,0,33,46,9,1.4,1.2
2526,E0,2026-04-24,Sunderland,Nott'm Forest,1,0,5,0,34,46,6,1.2,2.2
2526,E0,2026-05-02,Sunderland,Wolves,0,1,1,1,35,47,7,1.4,2.2
2526,E0,2026-05-09,Sunderland,Man United,1,0,0,1,36,48,5,1.0,2.0
2526,E0,2026-05-17,Sunderland,Everton,0,3,1,3,37,51,5,1.4,2.2
2526,E0,2026-05-24,Sunderland,Chelsea,1,2,1,3,38,54,8,1.2,1.6
2526,E0,2025-08-16,Tottenham,Burnley,1,3,0,3,1,3,3,3.0,0.0
2526,E0,2025-08-23,Tottenham,Man City,0,2,0,3,2,6,6,2.5,0.0
2526,E0,2025-08-30,Tottenham,Bournemouth,1,0,1,0,3,6,6,1.6666666666666667,0.3333333333333333
2526,E0,2025-09-13,Tottenham,West Ham,0,3,0,3,4,9,9,2.0,0.25
2526,E0,2025-09-20,Tottenham,Brighton,0,2,2,1,5,10,10,2.0,0.6
2526,E0,2025-09-27,Tottenham,Wolves,1,1,1,1,6,11,8,1.6,0.8
2526,E0,2025-10-04,Tottenham,Leeds,0,2,1,3,7,14,8,1.6,1.0
2526,E0,2025-10-19,Tottenham,Aston Villa,1,1,2,0,8,14,8,1.8,1.2
2526,E0,2025-10-26,Tottenham,Everton,0,3,0,3,9,17,8,1.8,1.2
2526,E0,2025-11-01,Tottenham,Chelsea,1,0,1,0,10,17,7,1.4,1.0
2526,E0,2025-11-08,Tottenham,Man United,1,2,2,1,11,18,7,1.6,1.2
2526,E0,2025-11-23,Tottenham,Arsenal,0,1,4,0,12,18,4,1.4,1.8
2526,E0,2025-11-29,Tottenham,Fulham,1,1,2,0,13,18,4,1.4,1.8
2526,E0,2025-12-02,Tottenham,Newcastle,0,2,2,1,14,19,2,1.2,2.2
2526,E0,2025-12-06,Tottenham,Brentford,1,2,0,3,15,22,5,1.6,2.0
2526,E0,2025-12-14,Tottenham,Nott'm Forest,0,0,3,0,16,22,4,1.2,2.2
2526,E0,2025-12-20,Tottenham,Liverpool,1,1,2,0,17,22,4,1.2,1.8
2526,E0,2025-12-28,Tottenham,Crystal Palace,0,1,0,3,18,25,7,1.2,1.4
2526,E0,2026-01-01,Tottenham,Brentford,0,0,0,1,19,26,7,0.8,1.0
2526,E0,2026-01-04,Tottenham,Sunderland,1,1,1,1,20,27,5,0.6,1.2
2526,E0,2026-01-07,Tottenham,Bournemouth,0,2,3,0,21,27,5,1.0,1.2
2526,E0,2026-01-17,Tottenham,West Ham,1,1,2,0,22,27,5,1.0,1.2
2526,E0,2026-01-24,Tottenham,Burnley,0,2,2,1,23,28,3,1.2,1.6
2526,E0,2026-02-01,Tottenham,Man City,1,2,2,1,24,29,3,1.6,2.0
2526,E0,2026-02-07,Tottenham,Man United,0,0,2,0,25,29,2,1.4,2.2
2526,E0,2026-02-10,Tottenham,Newcastle,1,1,2,0,26,29,2,1.2,2.0
2526,E0,2026-02-22,Tottenham,Arsenal,1,1,4,0,27,29,2,1.2,2.4
2526,E0,2026-03-01,Tottenham,Fulham,0,1,2,0,28,29,1,1.0,2.4
2526,E0,2026-03-05,Tottenham,Crystal Palace,1,1,3,0,29,29,0,0.8,2.6
2526,E0,2026-03-15,Tottenham,Liverpool,0,1,1,1,30,30,1,1.0,2.4
2526,E0,2026-03-22,Tottenham,Nott'm Forest,1,0,3,0,31,30,1,0.8,2.6
2526,E0,2026-04-12,Tottenham,Sunderland,0,0,1,0,32,30,1,0.6,2.0
2526,E0,2026-04-18,Tottenham,Brighton,1,2,2,1,33,31,2,0.8,2.0
2526,E0,2026-04-25,Tottenham,Wolves,0,1,0,3,34,34,5,0.8,1.4
2526,E0,2026-05-03,Tottenham,Aston Villa,0,2,1,3,35,37,7,1.0,1.4
2526,E0,2026-05-11,Tottenham,Leeds,1,1,1,1,36,38,8,1.2,1.0
2526,E0,2026-05-19,Tottenham,Chelsea,0,1,2,0,37,38,8,1.4,1.2
2526,E0,2026-05-24,Tottenham,Everton,1,1,0,3,38,41,10,1.2,0.8
2526,E0,2025-08-16,West Ham,Sunderland,0,0,3,0,1,0,0,0.0,3.0
2526,E0,2025-08-22,West Ham,Chelsea,1,1,5,0,2,0,0,0.5,4.0
2526,E0,2025-08-31,West Ham,Nott'm Forest,0,3,0,3,3,3,3,1.3333333333333333,2.6666666666666665
2526,E0,2025-09-13,West Ham,Tottenham,1,0,3,0,4,3,3,1.0,2.75
2526,E0,2025-09-20,West Ham,Crystal Palace,1,1,2,0,5,3,3,1.0,2.6
2526,E0,2025-09-29,West Ham,Everton,0,1,1,1,6,4,4,1.2,2.2
2526,E0,2025-10-04,West Ham,Arsenal,0,0,2,0,7,4,4,1.0,1.6
2526,E0,2025-10-20,West Ham,Brentford,1,0,2,0,8,4,1,0.4,2.0
2526,E0,2025-10-24,West Ham,Leeds,0,1,2,0,9,4,1,0.6,1.8
2526,E0,2025-11-02,West Ham,Newcastle,1,3,1,3,10,7,4,1.0,1.6
2526,E0,2025-11-08,West Ham,Burnley,1,3,2,3,11,10,6,1.4,1.8
2526,E0,2025-11-22,West Ham,Bournemouth,0,2,2,1,12,11,7,1.8,1.8
2526,E0,2025-11-30,West Ham,Liverpool,1,0,2,0,13,11,7,1.8,1.8
2526,E0,2025-12-04,West Ham,Man United,0,1,1,1,14,12,8,1.8,1.6
2526,E0,2025-12-07,West Ham,Brighton,0,1,1,1,15,13,6,1.4,1.6
2526,E0,2025-12-14,West Ham,Aston Villa,1,2,3,0,16,13,3,1.2,1.8
2526,E0,2025-12-20,West Ham,Man City,0,0,3,0,17,13,2,0.8,2.0
2526,E0,2025-12-27,West Ham,Fulham,1,0,1,0,18,13,2,0.8,1.8
2526,E0,2025-12-30,West Ham,Brighton,1,2,2,1,19,14,2,1.0,2.0
2526,E0,2026-01-03,West Ham,Wolves,0,0,3,0,20,14,1,0.8,2.4
2526,E0,2026-01-06,West Ham,Nott'm Forest,1,1,2,0,21,14,1,0.6,2.2
2526,E0,2026-01-17,West Ham,Tottenham,0,2,1,3,22,17,4,1.0,1.8
2526,E0,2026-01-24,West Ham,Sunderland,1,3,1,3,23,20,7,1.6,1.8
2526,E0,2026-01-31,West Ham,Chelsea,0,2,3,0,24,20,6,1.6,2.0
2526,E0,2026-02-07,West Ham,Burnley,0,2,0,3,25,23,9,2.0,1.4
2526,E0,2026-02-10,West Ham,Man United,1,1,1,1,26,24,10,2.0,1.2
2526,E0,2026-02-21,West Ham,Bournemouth,1,0,0,1,27,25,8,1.6,1.0
2526,E0,2026-02-28,West Ham,Liverpool,0,2,5,0,28,25,5,1.4,1.8
2526,E0,2026-03-04,West Ham,Fulham,0,1,0,3,29,28,8,1.2,1.2
2526,E0,2026-03-14,West Ham,Man City,1,1,1,1,30,29,6,1.0,1.4
2526,E0,2026-03-22,West Ham,Aston Villa,0,0,2,0,31,29,5,0.8,1.6
2526,E0,2026-04-10,West Ham,Wolves,1,4,0,3,32,32,7,1.6,1.6
2526,E0,2026-04-20,West Ham,Crystal Palace,0,0,0,1,33,33,8,1.2,0.6
2526,E0,2026-04-25,West Ham,Everton,1,2,1,3,34,36,8,1.4,0.8
2526,E0,2026-05-02,West Ham,Brentford,0,0,3,0,35,36,7,1.2,1.2
2526,E0,2026-05-10,West Ham,Arsenal,1,0,1,0,36,36,7,1.2,1.0
2526,E0,2026-05-17,West Ham,Newcastle,0,1,3,0,37,36,4,0.6,1.6
2526,E0,2026-05-24,West Ham,Leeds,1,3,0,3,38,39,6,1.2,1.6
2526,E0,2025-08-16,Wolves,Man City,1,0,4,0,1,0,0,0.0,4.0
2526,E0,2025-08-23,Wolves,Bournemouth,0,0,1,0,2,0,0,0.0,2.5
2526,E0,2025-08-30,Wolves,Everton,1,2,3,0,3,0,0,0.6666666666666666,2.6666666666666665
2526,E0,2025-09-13,Wolves,Newcastle,0,0,1,0,4,0,0,0.5,2.25
2526,E0,2025-09-20,Wolves,Leeds,1,1,3,0,5,0,0,0.6,2.4
2526,E0,2025-09-27,Wolves,Tottenham,0,1,1,1,6,1,1,0.8,1.8
2526,E0,2025-10-05,Wolves,Brighton,1,1,1,1,7,2,2,1.0,1.8
2526,E0,2025-10-18,Wolves,Sunderland,0,0,2,0,8,2,2,0.6,1.6
2526,E0,2025-10-26,Wolves,Burnley,1,2,3,0,9,2,2,1.0,2.0
2526,E0,2025-11-01,Wolves,Fulham,0,0,3,0,10,2,2,0.8,2.0
2526,E0,2025-11-08,Wolves,Chelsea,0,0,3,0,11,2,1,0.6,2.4
2526,E0,2025-11-22,Wolves,Crystal Palace,1,0,2,0,12,2,0,0.4,2.6
2526,E0,2025-11-30,Wolves,Aston Villa,0,0,1,0,13,2,0,0.4,2.4
2526,E0,2025-12-03,Wolves,Nott'm Forest,1,0,1,0,14,2,0,0.0,2.0
2526,E0,2025-12-08,Wolves,Man United,1,1,4,0,15,2,0,0.2,2.2
2526,E0,2025-12-13,Wolves,Arsenal,0,1,2,0,16,2,0,0.4,2.0
2526,E0,2025-12-20,Wolves,Brentford,1,0,2,0,17,2,0,0.4,2.0
2526,E0,2025-12-27,Wolves,Liverpool,0,1,2,0,18,2,0,0.6,2.2
2526,E0,2025-12-30,Wolves,Man United,0,1,1,1,19,3,1,0.8,2.2
2526,E0,2026-01-03,Wolves,West Ham,1,3,0,3,20,6,4,1.2,1.4
2526,E0,2026-01-07,Wolves,Everton,0,1,1,1,21,7,5,1.2,1.2
2526,E0,2026-01-18,Wolves,Newcastle,1,0,0,1,22,8,6,1.2,0.8
2526,E0,2026-01-24,Wolves,Man City,0,0,2,0,23,8,6,1.0,0.8
2526,E0,2026-01-31,Wolves,Bournemouth,1,0,2,0,24,8,5,0.8,1.0
2526,E0,2026-02-07,Wolves,Chelsea,1,1,3,0,25,8,2,0.4,1.6
2526,E0,2026-02-11,Wolves,Nott'm Forest,0,0,0,1,26,9,2,0.2,1.4
2526,E0,2026-02-18,Wolves,Arsenal,1,2,2,1,27,10,2,0.6,1.8
2526,E0,2026-02-22,Wolves,Crystal Palace,0,0,1,0,28,10,2,0.6,1.6
2526,E0,2026-02-27,Wolves,Aston Villa,1,2,0,3,29,13,5,1.0,1.2
2526,E0,2026-03-03,Wolves,Liverpool,1,2,1,3,30,16,8,1.2,0.8
2526,E0,2026-03-16,Wolves,Brentford,0,2,2,1,31,17,8,1.6,1.2
2526,E0,2026-04-10,Wolves,West Ham,0,0,4,0,32,17,7,1.2,1.6
2526,E0,2026-04-18,Wolves,Leeds,0,0,3,0,33,17,7,1.2,2.0
2526,E0,2026-04-25,Wolves,Tottenham,1,0,1,0,34,17,4,0.8,2.2
2526,E0,2026-05-02,Wolves,Sunderland,1,1,1,1,35,18,2,0.6,2.2
2526,E0,2026-05-09,Wolves,Brighton,0,0,3,0,36,18,1,0.2,2.4
2526,E0,2026-05-17,Wolves,Fulham,1,1,1,1,37,19,2,0.4,1.8
2526,E0,2026-05-24,Wolves,Burnley,0,1,1,1,38,20,3,0.6,1.4
2526,SP1,2025-08-16,Alaves,Levante,1,2,1,3,1,3,3,2.0,1.0
2526,SP1,2025-08-22,Alaves,Betis,0,0,1,0,2,3,3,1.0,1.0
2526,SP1,2025-08-30,Alaves,Ath Madrid,1,1,1,1,3,4,4,1.0,1.0
2526,SP1,2025-09-13,Alaves,Ath Bilbao,0,1,0,3,4,7,7,1.0,0.75
2526,SP1,2025-09-20,Alaves,Sevilla,1,1,2,0,5,7,7,1.0,1.0
2526,SP1,2025-09-24,Alaves,Getafe,0,1,1,1,6,8,5,0.8,1.0
2526,SP1,2025-09-27,Alaves,Mallorca,0,0,1,0,7,8,5,0.8,1.0
2526,SP1,2025-10-05,Alaves,Elche,1,3,1,3,8,11,7,1.2,1.0
2526,SP1,2025-10-20,Alaves,Valencia,1,0,0,1,9,12,5,1.0,1.0
2526,SP1,2025-10-26,Alaves,Vallecano,0,0,1,0,10,12,5,0.8,0.8
2526,SP1,2025-11-02,Alaves,Espanol,1,2,1,3,11,15,7,1.0,0.8
2526,SP1,2025-11-08,Alaves,Girona,0,0,1,0,12,15,7,1.0,0.8
2526,SP1,2025-11-22,Alaves,Celta,1,0,1,0,13,15,4,0.4,0.8
2526,SP1,2025-11-29,Alaves,Barcelona,0,1,3,0,14,15,3,0.6,1.4
2526,SP1,2025-12-06,Alaves,Sociedad,1,1,0,3,15,18,6,0.8,1.2
2526,SP1,2025-12-14,Alaves,Real Madrid,1,1,2,0,16,18,3,0.6,1.4
2526,SP1,2025-12-20,Alaves,Osasuna,0,0,3,0,17,18,3,0.6,1.8
2526,SP1,2026-01-04,Alaves,Oviedo,1,1,1,1,18,19,4,0.8,1.8
2526,SP1,2026-01-10,Alaves,Villarreal,0,1,3,0,19,19,4,0.8,1.8
2526,SP1,2026-01-18,Alaves,Ath Madrid,0,0,1,0,20,19,1,0.6,2.0
2526,SP1,2026-01-25,Alaves,Betis,1,2,1,3,21,22,4,0.8,1.8
2526,SP1,2026-01-30,Alaves,Espanol,0,2,1,3,22,25,7,1.2,1.4
2526,SP1,2026-02-08,Alaves,Getafe,1,0,2,0,23,25,6,1.0,1.6
2526,SP1,2026-02-14,Alaves,Sevilla,0,1,1,1,24,26,7,1.0,1.2
2526,SP1,2026-02-23,Alaves,Girona,1,2,2,1,25,27,8,1.4,1.4
2526,SP1,2026-02-27,Alaves,Levante,0,0,2,0,26,27,5,1.0,1.6
2526,SP1,2026-03-08,Alaves,Valencia,0,2,3,0,27,27,2,1.0,2.0
2526,SP1,2026-03-13,Alaves,Villarreal,1,1,1,1,28,28,3,1.2,1.8
2526,SP1,2026-03-22,Alaves,Celta,0,4,3,3,29,31,5,1.8,2.2
2526,SP1,2026-04-05,Alaves,Osasuna,1,2,2,1,30,32,5,1.8,2.2
2526,SP1,2026-04-11,Alaves,Sociedad,0,3,3,1,31,33,6,2.4,2.4
2526,SP1,2026-04-21,Alaves,Real Madrid,0,1,2,0,32,33,6,2.2,2.2
2526,SP1,2026-04-25,Alaves,Mallorca,1,2,1,3,33,36,8,2.4,2.2
2526,SP1,2026-05-02,Alaves,Ath Bilbao,1,2,4,0,34,36,5,2.0,2.4
2526,SP1,2026-05-09,Alaves,Elche,0,1,1,1,35,37,5,1.8,2.2
2526,SP1,2026-05-13,Alaves,Barcelona,1,1,0,3,36,40,7,1.4,1.6
2526,SP1,2026-05-17,Alaves,Oviedo,0,1,0,3,37,43,10,1.4,1.2
2526,SP1,2026-05-23,Alaves,Vallecano,1,1,2,0,38,43,7,1.2,1.4
2526,SP1,2025-08-17,Ath Bilbao,Sevilla,1,3,2,3,1,3,3,3.0,2.0
2526,SP1,2025-08-25,Ath Bilbao,Vallecano,1,1,0,3,2,6,6,2.0,1.0
2526,SP1,2025-08-31,Ath Bilbao,Betis,0,2,1,3,3,9,9,2.0,1.0
2526,SP1,2025-09-13,Ath Bilbao,Alaves,1,0,1,0,4,9,9,1.5,1.0
2526,SP1,2025-09-20,Ath Bilbao,Valencia,0,0,2,0,5,9,9,1.2,1.2
2526,SP1,2025-09-23,Ath Bilbao,Girona,1,1,1,1,6,10,7,0.8,1.0
2526,SP1,2025-09-27,Ath Bilbao,Villarreal,0,0,1,0,7,10,4,0.6,1.2
2526,SP1,2025-10-04,Ath Bilbao,Mallorca,1,2,1,3,8,13,4,0.6,1.2
2526,SP1,2025-10-19,Ath Bilbao,Elche,0,0,0,1,9,14,5,0.6,1.0
2526,SP1,2025-10-25,Ath Bilbao,Getafe,1,0,1,0,10,14,5,0.6,0.8
2526,SP1,2025-11-01,Ath Bilbao,Sociedad,0,2,3,0,11,14,4,0.8,1.2
2526,SP1,2025-11-09,Ath Bilbao,Oviedo,1,1,0,3,12,17,7,1.0,1.0
2526,SP1,2025-11-22,Ath Bilbao,Barcelona,0,0,4,0,13,17,4,0.6,1.6
2526,SP1,2025-11-29,Ath Bilbao,Levante,0,2,0,3,14,20,6,1.0,1.6
2526,SP1,2025-12-03,Ath Bilbao,Real Madrid,1,0,3,0,15,20,6,1.0,2.0
2526,SP1,2025-12-06,Ath Bilbao,Ath Madrid,1,1,0,3,16,23,9,0.8,1.4
2526,SP1,2025-12-14,Ath Bilbao,Celta,0,0,2,0,17,23,6,0.6,1.8
2526,SP1,2025-12-22,Ath Bilbao,Espanol,1,1,2,0,18,23,6,0.8,1.4
2526,SP1,2026-01-03,Ath Bilbao,Osasuna,0,1,1,1,19,24,4,0.6,1.6
2526,SP1,2026-01-17,Ath Bilbao,Mallorca,0,2,3,0,20,24,4,1.0,1.6
2526,SP1,2026-01-24,Ath Bilbao,Sevilla,0,1,2,0,21,24,1,1.0,2.0
2526,SP1,2026-02-01,Ath Bilbao,Sociedad,1,1,1,1,22,25,2,1.2,1.8
2526,SP1,2026-02-08,Ath Bilbao,Levante,1,4,2,3,23,28,5,1.8,1.8
2526,SP1,2026-02-15,Ath Bilbao,Oviedo,0,2,1,3,24,31,7,2.0,1.8
2526,SP1,2026-02-20,Ath Bilbao,Elche,1,2,1,3,25,34,10,2.0,1.4
2526,SP1,2026-02-28,Ath Bilbao,Vallecano,0,1,1,1,26,35,11,2.0,1.2
2526,SP1,2026-03-07,Ath Bilbao,Barcelona,1,0,1,0,27,35,10,1.8,1.2
2526,SP1,2026-03-14,Ath Bilbao,Girona,0,0,3,0,28,35,7,1.0,1.4
2526,SP1,2026-03-22,Ath Bilbao,Betis,1,2,1,3,29,38,7,1.0,1.4
2526,SP1,2026-04-05,Ath Bilbao,Getafe,0,0,2,0,30,38,4,0.6,1.6
2526,SP1,2026-04-12,Ath Bilbao,Villarreal,1,1,2,0,31,38,3,0.6,1.8
2526,SP1,2026-04-21,Ath Bilbao,Osasuna,1,1,0,3,32,41,6,0.8,1.6
2526,SP1,2026-04-25,Ath Bilbao,Ath Madrid,0,2,3,0,33,41,6,1.2,1.6
2526,SP1,2026-05-02,Ath Bilbao,Alaves,0,4,2,3,34,44,6,1.6,1.8
2526,SP1,2026-05-10,Ath Bilbao,Valencia,1,0,1,0,35,44,6,1.6,1.6
2526,SP1,2026-05-13,Ath Bilbao,Espanol,0,0,2,0,36,44,6,1.4,1.6
2526,SP1,2026-05-17,Ath Bilbao,Celta,1,1,1,1,37,45,4,1.4,1.8
2526,SP1,2026-05-23,Ath Bilbao,Real Madrid,0,2,4,0,38,45,4,1.4,2.0
2526,SP1,2025-08-17,Ath Madrid,Espanol,0,1,2,0,1,0,0,1.0,2.0
2526,SP1,2025-08-23,Ath Madrid,Elche,1,1,1,1,2,1,1,1.0,1.5
2526,SP1,2025-08-30,Ath Madrid,Alaves,0,1,1,1,3,2,2,1.0,1.3333333333333333
2526,SP1,2025-09-13,Ath Madrid,Villarreal,1,2,0,3,4,5,5,1.25,1.0
2526,SP1,2025-09-21,Ath Madrid,Mallorca,0,1,1,1,5,6,6,1.2,1.0
2526,SP1,2025-09-24,Ath Madrid,Vallecano,1,3,2,3,6,9,9,1.6,1.0
2526,SP1,2025-09-27,Ath Madrid,Real Madrid,1,5,2,3,7,12,11,2.4,1.2
2526,SP1,2025-10-05,Ath Madrid,Celta,0,1,1,1,8,13,11,2.4,1.2
2526,SP1,2025-10-18,Ath Madrid,Osasuna,1,1,0,3,9,16,11,2.2,1.2
2526,SP1,2025-10-27,Ath Madrid,Betis,0,2,0,3,10,19,13,2.4,1.0
2526,SP1,2025-11-01,Ath Madrid,Sevilla,1,3,0,3,11,22,13,2.4,0.6
2526,SP1,2025-11-08,Ath Madrid,Levante,1,3,1,3,12,25,13,2.0,0.4
2526,SP1,2025-11-23,Ath Madrid,Getafe,0,1,0,3,13,28,15,2.0,0.2
2526,SP1,2025-11-29,Ath Madrid,Oviedo,1,2,0,3,14,31,15,2.2,0.2
2526,SP1,2025-12-02,Ath Madrid,Barcelona,0,1,3,0,15,31,12,2.0,0.8
2526,SP1,2025-12-06,Ath Madrid,Ath Bilbao,0,0,1,0,16,31,9,1.4,1.0
2526,SP1,2025-12-13,Ath Madrid,Valencia,1,2,1,3,17,34,9,1.2,1.0
2526,SP1,2025-12-21,Ath Madrid,Girona,0,3,0,3,18,37,9,1.6,1.0
2526,SP1,2026-01-04,Ath Madrid,Sociedad,0,1,1,1,19,38,7,1.4,1.2
2526,SP1,2026-01-18,Ath Madrid,Alaves,1,1,0,3,20,41,10,1.4,0.6
2526,SP1,2026-01-25,Ath Madrid,Mallorca,1,3,0,3,21,44,13,2.0,0.4
2526,SP1,2026-01-31,Ath Madrid,Levante,0,0,0,1,22,45,11,1.6,0.2
2526,SP1,2026-02-08,Ath Madrid,Betis,1,0,1,0,23,45,8,1.0,0.4
2526,SP1,2026-02-15,Ath Madrid,Vallecano,0,0,3,0,24,45,7,0.8,0.8
2526,SP1,2026-02-21,Ath Madrid,Espanol,1,4,2,3,25,48,7,1.4,1.2
2526,SP1,2026-02-28,Ath Madrid,Oviedo,0,1,0,3,26,51,7,1.0,1.2
2526,SP1,2026-03-07,Ath Madrid,Sociedad,1,3,2,3,27,54,9,1.6,1.6
2526,SP1,2026-03-14,Ath Madrid,Getafe,1,1,0,3,28,57,12,1.8,1.4
2526,SP1,2026-03-22,Ath Madrid,Real Madrid,0,2,3,0,29,57,12,2.2,1.4
2526,SP1,2026-04-04,Ath Madrid,Barcelona,1,1,2,0,30,57,9,1.6,1.4
2526,SP1,2026-04-11,Ath Madrid,Sevilla,0,1,2,0,31,57,6,1.6,1.8
2526,SP1,2026-04-22,Ath Madrid,Elche,0,2,3,0,32,57,3,1.4,2.0
2526,SP1,2026-04-25,Ath Madrid,Ath Bilbao,1,3,2,3,33,60,3,1.8,2.4
2526,SP1,2026-05-02,Ath Madrid,Valencia,0,2,0,3,34,63,6,1.8,1.8
2526,SP1,2026-05-09,Ath Madrid,Celta,1,0,1,0,35,63,6,1.6,1.6
2526,SP1,2026-05-12,Ath Madrid,Osasuna,0,2,1,3,36,66,9,1.8,1.4
2526,SP1,2026-05-17,Ath Madrid,Girona,1,1,0,3,37,69,12,1.6,0.8
2526,SP1,2026-05-24,Ath Madrid,Villarreal,0,1,5,0,38,69,9,1.2,1.4
2526,SP1,2025-08-16,Barcelona,Mallorca,0,3,0,3,1,3,3,3.0,0.0
2526,SP1,2025-08-23,Barcelona,Levante,0,3,2,3,2,6,6,3.0,1.0
2526,SP1,2025-08-31,Barcelona,Vallecano,0,1,1,1,3,7,7,2.3333333333333335,1.0
2526,SP1,2025-09-14,Barcelona,Valencia,1,6,0,3,4,10,10,3.25,0.75
2526,SP1,2025-09-21,Barcelona,Getafe,1,3,0,3,5,13,13,3.2,0.6
2526,SP1,2025-09-25,Barcelona,Oviedo,0,3,1,3,6,16,13,3.2,0.8
2526,SP1,2025-09-28,Barcelona,Sociedad,1,2,1,3,7,19,13,3.0,0.6
2526,SP1,2025-10-05,Barcelona,Sevilla,0,1,4,0,8,19,12,3.0,1.2
2526,SP1,2025-10-18,Barcelona,Girona,1,2,1,3,9,22,12,2.2,1.4
2526,SP1,2025-10-26,Barcelona,Real Madrid,0,1,2,0,10,22,9,1.8,1.8
2526,SP1,2025-11-02,Barcelona,Elche,1,3,1,3,11,25,9,1.8,1.8
2526,SP1,2025-11-09,Barcelona,Celta,0,4,2,3,12,28,9,2.2,2.0
2526,SP1,2025-11-22,Barcelona,Ath Bilbao,1,4,0,3,13,31,12,2.8,1.2
2526,SP1,2025-11-29,Barcelona,Alaves,1,3,1,3,14,34,12,3.0,1.2
2526,SP1,2025-12-02,Barcelona,Ath Madrid,1,3,1,3,15,37,15,3.4,1.0
2526,SP1,2025-12-06,Barcelona,Betis,0,5,3,3,16,40,15,3.8,1.4
2526,SP1,2025-12-13,Barcelona,Osasuna,1,2,0,3,17,43,15,3.4,1.0
2526,SP1,2025-12-21,Barcelona,Villarreal,0,2,0,3,18,46,15,3.0,1.0
2526,SP1,2026-01-03,Barcelona,Espanol,0,2,0,3,19,49,15,2.8,0.8
2526,SP1,2026-01-18,Barcelona,Sociedad,0,1,2,0,20,49,12,2.4,1.0
2526,SP1,2026-01-25,Barcelona,Oviedo,1,3,0,3,21,52,12,2.0,0.4
2526,SP1,2026-01-31,Barcelona,Elche,0,3,1,3,22,55,12,2.2,0.6
2526,SP1,2026-02-07,Barcelona,Mallorca,1,3,0,3,23,58,12,2.4,0.6
2526,SP1,2026-02-16,Barcelona,Girona,0,1,2,0,24,58,9,2.2,1.0
2526,SP1,2026-02-22,Barcelona,Levante,1,3,0,3,25,61,12,2.6,0.6
2526,SP1,2026-02-28,Barcelona,Villarreal,1,4,1,3,26,64,12,2.8,0.8
2526,SP1,2026-03-07,Barcelona,Ath Bilbao,0,1,0,3,27,67,12,2.4,0.6
2526,SP1,2026-03-15,Barcelona,Sevilla,1,5,2,3,28,70,12,2.8,1.0
2526,SP1,2026-03-22,Barcelona,Vallecano,1,1,0,3,29,73,15,2.8,0.6
2526,SP1,2026-04-04,Barcelona,Ath Madrid,0,2,1,3,30,76,15,2.6,0.8
2526,SP1,2026-04-11,Barcelona,Espanol,1,4,1,3,31,79,15,2.6,0.8
2526,SP1,2026-04-22,Barcelona,Celta,1,1,0,3,32,82,15,2.6,0.8
2526,SP1,2026-04-25,Barcelona,Getafe,0,2,0,3,33,85,15,2.0,0.4
2526,SP1,2026-05-02,Barcelona,Osasuna,0,2,1,3,34,88,15,2.2,0.6
2526,SP1,2026-05-10,Barcelona,Real Madrid,1,2,0,3,35,91,15,2.2,0.4
2526,SP1,2026-05-13,Barcelona,Alaves,0,0,1,0,36,91,12,1.4,0.4
2526,SP1,2026-05-17,Barcelona,Betis,1,3,1,3,37,94,12,1.8,0.6
2526,SP1,2026-05-23,Barcelona,Valencia,0,1,3,0,38,94,9,1.6,1.2
2526,SP1,2025-08-18,Betis,Elche,0,1,1,1,1,1,1,1.0,1.0
2526,SP1,2025-08-22,Betis,Alaves,1,1,0,3,2,4,4,1.0,0.5
2526,SP1,2025-08-27,Betis,Celta,0,1,1,1,3,5,5,1.0,0.6666666666666666
2526,SP1,2025-08-31,Betis,Ath Bilbao,1,1,2,0,4,5,5,1.0,1.0
2526,SP1,2025-09-14,Betis,Levante,0,2,2,1,5,6,6,1.2,1.2
2526,SP1,2025-09-19,Betis,Sociedad,1,3,1,3,6,9,8,1.6,1.2
2526,SP1,2025-09-28,Betis,Osasuna,1,2,0,3,7,12,8,1.8,1.2
2526,SP1,2025-10-05,Betis,Espanol,0,2,1,3,8,15,10,2.0,1.2
2526,SP1,2025-10-18,Betis,Villarreal,0,2,2,1,9,16,11,2.2,1.2
2526,SP1,2025-10-27,Betis,Ath Madrid,1,0,2,0,10,16,10,1.8,1.2
2526,SP1,2025-11-02,Betis,Mallorca,1,3,0,3,11,19,10,1.8,1.0
2526,SP1,2025-11-09,Betis,Valencia,0,1,1,1,12,20,8,1.6,1.2
2526,SP1,2025-11-23,Betis,Girona,1,1,1,1,13,21,6,1.4,1.2
2526,SP1,2025-11-30,Betis,Sevilla,0,2,0,3,14,24,8,1.4,0.8
2526,SP1,2025-12-06,Betis,Barcelona,1,3,5,0,15,24,8,2.0,1.4
2526,SP1,2025-12-15,Betis,Vallecano,0,0,0,1,16,25,6,1.4,1.4
2526,SP1,2025-12-21,Betis,Getafe,1,4,0,3,17,28,8,2.0,1.2
2526,SP1,2026-01-04,Betis,Real Madrid,0,1,5,0,18,28,7,2.0,2.0
2526,SP1,2026-01-10,Betis,Oviedo,0,1,1,1,19,29,5,1.8,2.2
2526,SP1,2026-01-17,Betis,Villarreal,1,2,0,3,20,32,8,1.6,1.2
2526,SP1,2026-01-25,Betis,Alaves,0,1,2,0,21,32,7,1.8,1.6
2526,SP1,2026-02-01,Betis,Valencia,1,2,1,3,22,35,7,1.4,1.8
2526,SP1,2026-02-08,Betis,Ath Madrid,0,1,0,3,23,38,10,1.4,0.8
2526,SP1,2026-02-15,Betis,Mallorca,0,2,1,3,24,41,12,1.6,0.8
2526,SP1,2026-02-21,Betis,Vallecano,1,1,1,1,25,42,10,1.4,1.0
2526,SP1,2026-03-01,Betis,Sevilla,1,2,2,1,26,43,11,1.6,1.0
2526,SP1,2026-03-08,Betis,Getafe,0,0,2,0,27,43,8,1.2,1.2
2526,SP1,2026-03-15,Betis,Celta,1,1,1,1,28,44,6,1.2,1.4
2526,SP1,2026-03-22,Betis,Ath Bilbao,0,1,2,0,29,44,3,1.0,1.6
2526,SP1,2026-04-04,Betis,Espanol,1,0,0,1,30,45,3,0.8,1.4
2526,SP1,2026-04-12,Betis,Osasuna,0,1,1,1,31,46,3,0.6,1.2
2526,SP1,2026-04-21,Betis,Girona,0,3,2,3,32,49,6,1.2,1.2
2526,SP1,2026-04-24,Betis,Real Madrid,1,1,1,1,33,50,6,1.2,1.2
2526,SP1,2026-05-03,Betis,Oviedo,1,3,0,3,34,53,9,1.6,0.8
2526,SP1,2026-05-09,Betis,Sociedad,0,2,2,1,35,54,9,2.0,1.2
2526,SP1,2026-05-12,Betis,Elche,1,2,1,3,36,57,11,2.2,1.2
2526,SP1,2026-05-17,Betis,Barcelona,0,1,3,0,37,57,8,1.8,1.4
2526,SP1,2026-05-23,Betis,Levante,1,2,1,3,38,60,10,2.0,1.4
2526,SP1,2025-08-17,Celta,Getafe,1,0,2,0,1,0,0,0.0,2.0
2526,SP1,2025-08-23,Celta,Mallorca,0,1,1,1,2,1,1,0.5,1.5
2526,SP1,2025-08-27,Celta,Betis,1,1,1,1,3,2,2,0.6666666666666666,1.3333333333333333
2526,SP1,2025-08-31,Celta,Villarreal,1,1,1,1,4,3,3,0.75,1.25
2526,SP1,2025-09-14,Celta,Girona,1,1,1,1,5,4,4,0.8,1.2
2526,SP1,2025-09-21,Celta,Vallecano,0,1,1,1,6,5,5,1.0,1.0
2526,SP1,2025-09-28,Celta,Elche,0,1,2,0,7,5,4,1.0,1.2
2526,SP1,2025-10-05,Celta,Ath Madrid,1,1,1,1,8,6,4,1.0,1.2
2526,SP1,2025-10-19,Celta,Sociedad,1,1,1,1,9,7,4,1.0,1.2
2526,SP1,2025-10-26,Celta,Osasuna,0,3,2,3,10,10,6,1.4,1.4
2526,SP1,2025-11-02,Celta,Levante,0,2,1,3,11,13,8,1.6,1.4
2526,SP1,2025-11-09,Celta,Barcelona,1,2,4,0,12,13,8,1.8,1.8
2526,SP1,2025-11-22,Celta,Alaves,0,1,0,3,13,16,10,1.8,1.6
2526,SP1,2025-11-30,Celta,Espanol,1,0,1,0,14,16,9,1.6,1.6
2526,SP1,2025-12-07,Celta,Real Madrid,0,2,0,3,15,19,9,1.4,1.2
2526,SP1,2025-12-14,Celta,Ath Bilbao,1,2,0,3,16,22,9,1.4,1.0
2526,SP1,2025-12-20,Celta,Oviedo,0,0,0,1,17,23,10,1.0,0.2
2526,SP1,2026-01-03,Celta,Valencia,1,4,1,3,18,26,10,1.6,0.4
2526,SP1,2026-01-12,Celta,Sevilla,0,1,0,3,19,29,13,1.8,0.2
2526,SP1,2026-01-18,Celta,Vallecano,1,3,0,3,20,32,13,2.0,0.2
2526,SP1,2026-01-25,Celta,Sociedad,0,1,3,0,21,32,10,1.8,0.8
2526,SP1,2026-02-01,Celta,Getafe,0,0,0,1,22,33,10,1.8,0.8
2526,SP1,2026-02-06,Celta,Osasuna,1,1,2,0,23,33,7,1.2,1.0
2526,SP1,2026-02-14,Celta,Espanol,0,2,2,1,24,34,5,1.4,1.4
2526,SP1,2026-02-22,Celta,Mallorca,1,2,0,3,25,37,5,1.2,1.4
2526,SP1,2026-03-01,Celta,Girona,0,2,1,3,26,40,8,1.4,1.0
2526,SP1,2026-03-06,Celta,Real Madrid,1,1,2,0,27,40,7,1.6,1.4
2526,SP1,2026-03-15,Celta,Betis,0,1,1,1,28,41,8,1.6,1.2
2526,SP1,2026-03-22,Celta,Alaves,1,3,4,0,29,41,7,1.8,1.6
2526,SP1,2026-04-05,Celta,Valencia,0,3,2,3,30,44,7,2.0,2.0
2526,SP1,2026-04-12,Celta,Oviedo,1,0,3,0,31,44,4,1.6,2.4
2526,SP1,2026-04-22,Celta,Barcelona,0,0,1,0,32,44,4,1.4,2.2
2526,SP1,2026-04-26,Celta,Villarreal,0,1,2,0,33,44,3,1.4,2.4
2526,SP1,2026-05-03,Celta,Elche,1,3,1,3,34,47,6,1.4,1.8
2526,SP1,2026-05-09,Celta,Ath Madrid,0,1,0,3,35,50,6,1.0,1.4
2526,SP1,2026-05-12,Celta,Levante,1,2,3,0,36,50,6,1.4,1.4
2526,SP1,2026-05-17,Celta,Ath Bilbao,0,1,1,1,37,51,7,1.6,1.4
2526,SP1,2026-05-23,Celta,Sevilla,1,1,0,3,38,54,10,1.6,1.0
2526,SP1,2025-08-18,Elche,Betis,1,1,1,1,1,1,1,1.0,1.0
2526,SP1,2025-08-23,Elche,Ath Madrid,0,1,1,1,2,2,2,1.0,1.0
2526,SP1,2025-08-29,Elche,Levante,1,2,0,3,3,5,5,1.3333333333333333,0.6666666666666666
2526,SP1,2025-09-12,Elche,Sevilla,0,2,2,1,4,6,6,1.5,1.0
2526,SP1,2025-09-21,Elche,Oviedo,1,1,0,3,5,9,9,1.4,0.8
2526,SP1,2025-09-25,Elche,Osasuna,0,1,1,1,6,10,9,1.4,0.8
2526,SP1,2025-09-28,Elche,Celta,1,2,1,3,7,13,11,1.6,0.8
2526,SP1,2025-10-05,Elche,Alaves,0,1,3,0,8,13,8,1.4,1.4
2526,SP1,2025-10-19,Elche,Ath Bilbao,1,0,0,1,9,14,8,1.0,1.0
2526,SP1,2025-10-25,Elche,Espanol,0,0,1,0,10,14,5,0.8,1.2
2526,SP1,2025-11-02,Elche,Barcelona,0,1,3,0,11,14,4,0.8,1.6
2526,SP1,2025-11-07,Elche,Sociedad,1,1,1,1,12,15,2,0.6,1.6
2526,SP1,2025-11-23,Elche,Real Madrid,1,2,2,1,13,16,3,0.8,1.4
2526,SP1,2025-11-28,Elche,Getafe,0,0,1,0,14,16,2,0.8,1.6
2526,SP1,2025-12-07,Elche,Girona,1,3,0,3,15,19,5,1.4,1.4
2526,SP1,2025-12-13,Elche,Mallorca,0,1,3,0,16,19,5,1.4,1.4
2526,SP1,2025-12-21,Elche,Vallecano,1,4,0,3,17,22,7,2.0,1.2
2526,SP1,2026-01-03,Elche,Villarreal,1,1,3,0,18,22,6,1.8,1.4
2526,SP1,2026-01-10,Elche,Valencia,0,1,1,1,19,23,7,2.0,1.4
2526,SP1,2026-01-19,Elche,Sevilla,1,2,2,1,20,24,5,1.8,1.8
2526,SP1,2026-01-23,Elche,Levante,0,2,3,0,21,24,5,2.0,1.8
2526,SP1,2026-01-31,Elche,Barcelona,1,1,3,0,22,24,2,1.4,2.4
2526,SP1,2026-02-07,Elche,Sociedad,0,1,3,0,23,24,2,1.4,2.4
2526,SP1,2026-02-13,Elche,Osasuna,1,0,0,1,24,25,2,1.2,2.2
2526,SP1,2026-02-20,Elche,Ath Bilbao,0,1,2,0,25,25,1,1.0,2.2
2526,SP1,2026-03-01,Elche,Espanol,1,2,2,1,26,26,2,1.0,2.0
2526,SP1,2026-03-08,Elche,Villarreal,0,1,2,0,27,26,2,1.0,1.8
2526,SP1,2026-03-14,Elche,Real Madrid,0,1,4,0,28,26,2,1.0,2.0
2526,SP1,2026-03-21,Elche,Mallorca,1,2,1,3,29,29,4,1.4,2.2
2526,SP1,2026-04-03,Elche,Vallecano,0,0,1,0,30,29,4,1.2,2.0
2526,SP1,2026-04-11,Elche,Valencia,1,1,0,3,31,32,6,1.0,1.6
2526,SP1,2026-04-22,Elche,Ath Madrid,1,3,2,3,32,35,9,1.4,1.6
2526,SP1,2026-04-26,Elche,Oviedo,0,2,1,3,33,38,12,1.6,1.0
2526,SP1,2026-05-03,Elche,Celta,0,1,3,0,34,38,9,1.4,1.4
2526,SP1,2026-05-09,Elche,Alaves,1,1,1,1,35,39,10,1.6,1.4
2526,SP1,2026-05-12,Elche,Betis,0,1,2,0,36,39,7,1.6,1.8
2526,SP1,2026-05-17,Elche,Getafe,1,1,0,3,37,42,7,1.2,1.4
2526,SP1,2026-05-23,Elche,Girona,0,1,1,1,38,43,5,1.0,1.4
2526,SP1,2025-08-17,Espanol,Ath Madrid,1,2,1,3,1,3,3,2.0,1.0
2526,SP1,2025-08-24,Espanol,Sociedad,0,2,2,1,2,4,4,2.0,1.5
2526,SP1,2025-08-31,Espanol,Osasuna,1,1,0,3,3,7,7,1.6666666666666667,1.0
2526,SP1,2025-09-15,Espanol,Mallorca,1,3,2,3,4,10,10,2.0,1.25
2526,SP1,2025-09-20,Espanol,Real Madrid,0,0,2,0,5,10,10,1.6,1.4
2526,SP1,2025-09-23,Espanol,Valencia,1,2,2,1,6,11,8,1.6,1.6
2526,SP1,2025-09-26,Espanol,Girona,0,0,0,1,7,12,8,1.2,1.2
2526,SP1,2025-10-05,Espanol,Betis,1,1,2,0,8,12,5,1.2,1.6
2526,SP1,2025-10-17,Espanol,Oviedo,0,2,0,3,9,15,5,1.0,1.2
2526,SP1,2025-10-25,Espanol,Elche,1,1,0,3,10,18,8,1.2,0.8
2526,SP1,2025-11-02,Espanol,Alaves,0,1,2,0,11,18,7,1.0,0.8
2526,SP1,2025-11-08,Espanol,Villarreal,1,0,2,0,12,18,6,1.0,1.2
2526,SP1,2025-11-24,Espanol,Sevilla,1,2,1,3,13,21,9,1.2,1.0
2526,SP1,2025-11-30,Espanol,Celta,0,1,0,3,14,24,9,1.0,1.0
2526,SP1,2025-12-07,Espanol,Vallecano,1,1,0,3,15,27,9,1.0,1.0
2526,SP1,2025-12-13,Espanol,Getafe,0,1,0,3,16,30,12,1.0,0.6
2526,SP1,2025-12-22,Espanol,Ath Bilbao,0,2,1,3,17,33,15,1.4,0.4
2526,SP1,2026-01-03,Espanol,Barcelona,1,0,2,0,18,33,12,1.0,0.6
2526,SP1,2026-01-11,Espanol,Levante,0,1,1,1,19,34,10,1.0,0.8
2526,SP1,2026-01-16,Espanol,Girona,1,0,2,0,20,34,7,0.8,1.2
2526,SP1,2026-01-24,Espanol,Valencia,0,2,3,0,21,34,4,1.0,1.8
2526,SP1,2026-01-30,Espanol,Alaves,1,1,2,0,22,34,1,0.8,2.0
2526,SP1,2026-02-09,Espanol,Villarreal,0,1,4,0,23,34,1,1.0,2.4
2526,SP1,2026-02-14,Espanol,Celta,1,2,2,1,24,35,1,1.2,2.6
2526,SP1,2026-02-21,Espanol,Ath Madrid,0,2,4,0,25,35,1,1.6,3.0
2526,SP1,2026-03-01,Espanol,Elche,0,2,2,1,26,36,2,1.6,2.8
2526,SP1,2026-03-09,Espanol,Oviedo,1,1,1,1,27,37,3,1.6,2.6
2526,SP1,2026-03-15,Espanol,Mallorca,0,1,2,0,28,37,3,1.6,2.2
2526,SP1,2026-03-21,Espanol,Getafe,1,1,2,0,29,37,2,1.4,2.2
2526,SP1,2026-04-04,Espanol,Betis,0,0,0,1,30,38,3,1.0,1.4
2526,SP1,2026-04-11,Espanol,Barcelona,0,1,4,0,31,38,2,0.8,1.8
2526,SP1,2026-04-23,Espanol,Vallecano,0,0,1,0,32,38,1,0.6,1.8
2526,SP1,2026-04-27,Espanol,Levante,1,0,0,1,33,39,2,0.4,1.4
2526,SP1,2026-05-03,Espanol,Real Madrid,1,0,2,0,34,39,2,0.2,1.4
2526,SP1,2026-05-09,Espanol,Sevilla,0,1,2,0,35,39,1,0.4,1.8
2526,SP1,2026-05-13,Espanol,Ath Bilbao,1,2,0,3,36,42,4,0.6,1.0
2526,SP1,2026-05-17,Espanol,Osasuna,0,2,1,3,37,45,7,1.0,1.0
2526,SP1,2026-05-23,Espanol,Sociedad,1,1,1,1,38,46,7,1.2,1.2
2526,SP1,2025-08-17,Getafe,Celta,0,2,0,3,1,3,3,2.0,0.0
2526,SP1,2025-08-25,Getafe,Sevilla,0,2,1,3,2,6,6,2.0,0.5
2526,SP1,2025-08-29,Getafe,Valencia,0,0,3,0,3,6,6,1.3333333333333333,1.3333333333333333
2526,SP1,2025-09-13,Getafe,Oviedo,1,2,0,3,4,9,9,1.5,1.0
2526,SP1,2025-09-21,Getafe,Barcelona,0,0,3,0,5,9,9,1.2,1.4
2526,SP1,2025-09-24,Getafe,Alaves,1,1,1,1,6,10,7,1.0,1.6
2526,SP1,2025-09-27,Getafe,Levante,1,1,1,1,7,11,5,0.8,1.6
2526,SP1,2025-10-03,Getafe,Osasuna,0,1,2,0,8,11,5,1.0,1.4
2526,SP1,2025-10-19,Getafe,Real Madrid,1,0,1,0,9,11,2,0.6,1.6
2526,SP1,2025-10-25,Getafe,Ath Bilbao,0,1,0,3,10,14,5,0.8,1.0
2526,SP1,2025-10-31,Getafe,Girona,1,2,1,3,11,17,7,1.0,1.0
2526,SP1,2025-11-09,Getafe,Mallorca,0,0,1,0,12,17,6,0.8,1.0
2526,SP1,2025-11-23,Getafe,Ath Madrid,1,0,1,0,13,17,6,0.6,0.8
2526,SP1,2025-11-28,Getafe,Elche,1,1,0,3,14,20,9,0.8,0.6
2526,SP1,2025-12-06,Getafe,Villarreal,0,0,2,0,15,20,6,0.6,1.0
2526,SP1,2025-12-13,Getafe,Espanol,1,0,1,0,16,20,3,0.2,1.0
2526,SP1,2025-12-21,Getafe,Betis,0,0,4,0,17,20,3,0.2,1.6
2526,SP1,2026-01-02,Getafe,Vallecano,0,1,1,1,18,21,4,0.4,1.6
2526,SP1,2026-01-09,Getafe,Sociedad,1,1,2,0,19,21,1,0.4,2.0
2526,SP1,2026-01-18,Getafe,Valencia,1,0,1,0,20,21,1,0.4,1.8
2526,SP1,2026-01-26,Getafe,Girona,0,1,1,1,21,22,2,0.6,1.8
2526,SP1,2026-02-01,Getafe,Celta,1,0,0,1,22,23,3,0.6,1.0
2526,SP1,2026-02-08,Getafe,Alaves,0,2,0,3,23,26,5,0.8,0.8
2526,SP1,2026-02-14,Getafe,Villarreal,1,2,1,3,24,29,8,1.0,0.6
2526,SP1,2026-02-22,Getafe,Sevilla,1,0,1,0,25,29,8,1.0,0.6
2526,SP1,2026-03-02,Getafe,Real Madrid,0,1,0,3,26,32,10,1.0,0.4
2526,SP1,2026-03-08,Getafe,Betis,1,2,0,3,27,35,12,1.4,0.4
2526,SP1,2026-03-14,Getafe,Ath Madrid,0,0,1,0,28,35,9,1.0,0.6
2526,SP1,2026-03-21,Getafe,Espanol,0,2,1,3,29,38,9,1.0,0.6
2526,SP1,2026-04-05,Getafe,Ath Bilbao,1,2,0,3,30,41,12,1.4,0.4
2526,SP1,2026-04-13,Getafe,Levante,0,0,1,0,31,41,9,1.2,0.6
2526,SP1,2026-04-22,Getafe,Sociedad,0,1,0,3,32,44,9,1.0,0.6
2526,SP1,2026-04-25,Getafe,Barcelona,1,0,2,0,33,44,9,1.0,0.8
2526,SP1,2026-05-03,Getafe,Vallecano,1,0,2,0,34,44,6,0.6,1.0
2526,SP1,2026-05-10,Getafe,Oviedo,0,0,0,1,35,45,4,0.2,1.0
2526,SP1,2026-05-13,Getafe,Mallorca,1,3,1,3,36,48,7,0.8,1.0
2526,SP1,2026-05-17,Getafe,Elche,0,0,1,0,37,48,4,0.6,1.2
2526,SP1,2026-05-23,Getafe,Osasuna,1,1,0,3,38,51,7,0.8,0.8
2526,SP1,2025-08-15,Girona,Vallecano,1,1,3,0,1,0,0,1.0,3.0
2526,SP1,2025-08-24,Girona,Villarreal,0,0,5,0,2,0,0,0.5,4.0
2526,SP1,2025-08-30,Girona,Sevilla,1,0,2,0,3,0,0,0.3333333333333333,3.3333333333333335
2526,SP1,2025-09-14,Girona,Celta,0,1,1,1,4,1,1,0.5,2.75
2526,SP1,2025-09-20,Girona,Levante,1,0,4,0,5,1,1,0.4,3.0
2526,SP1,2025-09-23,Girona,Ath Bilbao,0,1,1,1,6,2,2,0.4,2.6
2526,SP1,2025-09-26,Girona,Espanol,1,0,0,1,7,3,3,0.4,1.6
2526,SP1,2025-10-04,Girona,Valencia,1,2,1,3,8,6,6,0.8,1.4
2526,SP1,2025-10-18,Girona,Barcelona,0,1,2,0,9,6,5,0.8,1.6
2526,SP1,2025-10-25,Girona,Oviedo,1,3,3,1,10,7,6,1.4,1.4
2526,SP1,2025-10-31,Girona,Getafe,0,1,2,0,11,7,5,1.4,1.6
2526,SP1,2025-11-08,Girona,Alaves,1,1,0,3,12,10,7,1.6,1.6
2526,SP1,2025-11-23,Girona,Betis,0,1,1,1,13,11,5,1.4,1.6
2526,SP1,2025-11-30,Girona,Real Madrid,1,1,1,1,14,12,6,1.4,1.4
2526,SP1,2025-12-07,Girona,Elche,0,0,3,0,15,12,5,0.8,1.4
2526,SP1,2025-12-12,Girona,Sociedad,0,2,1,3,16,15,8,1.0,1.2
2526,SP1,2025-12-21,Girona,Ath Madrid,1,0,3,0,17,15,5,0.8,1.8
2526,SP1,2026-01-04,Girona,Mallorca,0,2,1,3,18,18,7,1.0,1.8
2526,SP1,2026-01-10,Girona,Osasuna,1,1,0,3,19,21,9,1.0,1.6
2526,SP1,2026-01-16,Girona,Espanol,0,2,0,3,20,24,12,1.4,1.0
2526,SP1,2026-01-26,Girona,Getafe,1,1,1,1,21,25,10,1.2,1.0
2526,SP1,2026-01-31,Girona,Oviedo,0,0,1,0,22,25,10,1.2,0.6
2526,SP1,2026-02-08,Girona,Sevilla,0,1,1,1,23,26,8,1.0,0.6
2526,SP1,2026-02-16,Girona,Barcelona,1,2,1,3,24,29,8,1.2,0.8
2526,SP1,2026-02-23,Girona,Alaves,0,2,2,1,25,30,6,1.2,1.2
2526,SP1,2026-03-01,Girona,Celta,1,1,2,0,26,30,5,1.2,1.4
2526,SP1,2026-03-07,Girona,Levante,0,1,1,1,27,31,6,1.4,1.4
2526,SP1,2026-03-14,Girona,Ath Bilbao,1,3,0,3,28,34,8,1.8,1.2
2526,SP1,2026-03-21,Girona,Osasuna,0,0,1,0,29,34,5,1.4,1.2
2526,SP1,2026-04-06,Girona,Villarreal,1,1,0,3,30,37,7,1.2,0.8
2526,SP1,2026-04-10,Girona,Real Madrid,0,1,1,1,31,38,8,1.2,0.6
2526,SP1,2026-04-21,Girona,Betis,1,2,3,0,32,38,7,1.4,1.0
2526,SP1,2026-04-25,Girona,Valencia,0,1,2,0,33,38,4,1.0,1.4
2526,SP1,2026-05-01,Girona,Mallorca,1,0,1,0,34,38,4,1.0,1.4
2526,SP1,2026-05-11,Girona,Vallecano,0,1,1,1,35,39,2,1.0,1.6
2526,SP1,2026-05-14,Girona,Sociedad,1,1,1,1,36,40,2,1.0,1.6
2526,SP1,2026-05-17,Girona,Ath Madrid,0,0,1,0,37,40,2,0.6,1.2
2526,SP1,2026-05-23,Girona,Elche,1,1,1,1,38,41,3,0.6,1.0
2526,SP1,2025-08-16,Levante,Alaves,0,1,2,0,1,0,0,1.0,2.0
2526,SP1,2025-08-23,Levante,Barcelona,1,2,3,0,2,0,0,1.5,2.5
2526,SP1,2025-08-29,Levante,Elche,0,0,2,0,3,0,0,1.0,2.3333333333333335
2526,SP1,2025-09-14,Levante,Betis,1,2,2,1,4,1,1,1.25,2.25
2526,SP1,2025-09-20,Levante,Girona,0,4,0,3,5,4,4,1.8,1.8
2526,SP1,2025-09-23,Levante,Real Madrid,1,1,4,0,6,4,4,1.8,2.2
2526,SP1,2025-09-27,Levante,Getafe,0,1,1,1,7,5,5,1.6,1.8
2526,SP1,2025-10-04,Levante,Oviedo,0,2,0,3,8,8,8,2.0,1.4
2526,SP1,2025-10-19,Levante,Vallecano,1,0,3,0,9,8,7,1.6,1.6
2526,SP1,2025-10-26,Levante,Mallorca,0,1,1,1,10,9,5,1.0,1.8
2526,SP1,2025-11-02,Levante,Celta,1,1,2,0,11,9,5,1.0,1.4
2526,SP1,2025-11-08,Levante,Ath Madrid,0,1,3,0,12,9,4,1.0,1.8
2526,SP1,2025-11-21,Levante,Valencia,0,0,1,0,13,9,1,0.6,2.0
2526,SP1,2025-11-29,Levante,Ath Bilbao,1,0,2,0,14,9,1,0.6,1.8
2526,SP1,2025-12-08,Levante,Osasuna,0,0,2,0,15,9,0,0.4,2.0
2526,SP1,2025-12-20,Levante,Sociedad,1,1,1,1,16,10,1,0.4,1.8
2526,SP1,2026-01-04,Levante,Sevilla,0,3,0,3,17,13,4,0.8,1.2
2526,SP1,2026-01-11,Levante,Espanol,1,1,1,1,18,14,5,1.0,1.2
2526,SP1,2026-01-17,Levante,Real Madrid,0,0,2,0,19,14,5,1.0,1.2
2526,SP1,2026-01-23,Levante,Elche,1,3,2,3,20,17,8,1.6,1.2
2526,SP1,2026-01-31,Levante,Ath Madrid,1,0,0,1,21,18,8,1.4,1.0
2526,SP1,2026-02-08,Levante,Ath Bilbao,0,2,4,0,22,18,5,1.2,1.8
2526,SP1,2026-02-15,Levante,Valencia,1,0,2,0,23,18,4,1.0,2.0
2526,SP1,2026-02-18,Levante,Villarreal,1,0,1,0,24,18,4,1.0,1.8
2526,SP1,2026-02-22,Levante,Barcelona,0,0,3,0,25,18,1,0.4,2.0
2526,SP1,2026-02-27,Levante,Alaves,1,2,0,3,26,21,3,0.8,2.0
2526,SP1,2026-03-07,Levante,Girona,1,1,1,1,27,22,4,0.6,1.4
2526,SP1,2026-03-16,Levante,Vallecano,0,1,1,1,28,23,5,0.8,1.2
2526,SP1,2026-03-21,Levante,Oviedo,1,4,2,3,29,26,8,1.6,1.4
2526,SP1,2026-04-04,Levante,Sociedad,0,0,2,0,30,26,8,1.6,1.2
2526,SP1,2026-04-13,Levante,Getafe,1,1,0,3,31,29,8,1.4,1.2
2526,SP1,2026-04-23,Levante,Sevilla,1,2,0,3,32,32,10,1.6,1.0
2526,SP1,2026-04-27,Levante,Espanol,0,0,0,1,33,33,10,1.4,0.8
2526,SP1,2026-05-02,Levante,Villarreal,0,1,5,0,34,33,7,0.8,1.4
2526,SP1,2026-05-08,Levante,Osasuna,1,3,2,3,35,36,10,1.4,1.4
2526,SP1,2026-05-12,Levante,Celta,0,3,2,3,36,39,10,1.8,1.8
2526,SP1,2026-05-17,Levante,Mallorca,1,2,0,3,37,42,10,1.8,1.8
2526,SP1,2026-05-23,Levante,Betis,0,1,2,0,38,42,9,2.0,2.2
2526,SP1,2025-08-16,Mallorca,Barcelona,1,0,3,0,1,0,0,0.0,3.0
2526,SP1,2025-08-23,Mallorca,Celta,1,1,1,1,2,1,1,0.5,2.0
2526,SP1,2025-08-30,Mallorca,Real Madrid,0,1,2,0,3,1,1,0.6666666666666666,2.0
2526,SP1,2025-09-15,Mallorca,Espanol,0,2,3,0,4,1,1,1.0,2.25
2526,SP1,2025-09-21,Mallorca,Ath Madrid,1,1,1,1,5,2,2,1.0,2.0
2526,SP1,2025-09-24,Mallorca,Sociedad,0,0,1,0,6,2,2,1.0,1.6
2526,SP1,2025-09-27,Mallorca,Alaves,1,1,0,3,7,5,4,1.0,1.4
2526,SP1,2025-10-04,Mallorca,Ath Bilbao,0,1,2,0,8,5,4,1.0,1.4
2526,SP1,2025-10-18,Mallorca,Sevilla,0,3,1,3,9,8,7,1.2,1.0
2526,SP1,2025-10-26,Mallorca,Levante,1,1,1,1,10,9,7,1.2,1.0
2526,SP1,2025-11-02,Mallorca,Betis,0,0,3,0,11,9,7,1.2,1.4
2526,SP1,2025-11-09,Mallorca,Getafe,1,1,0,3,12,12,7,1.2,1.4
2526,SP1,2025-11-22,Mallorca,Villarreal,0,1,2,0,13,12,7,1.2,1.4
2526,SP1,2025-11-29,Mallorca,Osasuna,1,2,2,1,14,13,5,1.0,1.6
2526,SP1,2025-12-05,Mallorca,Oviedo,0,0,0,1,15,14,5,0.8,1.4
2526,SP1,2025-12-13,Mallorca,Elche,1,3,1,3,16,17,8,1.4,1.0
2526,SP1,2025-12-19,Mallorca,Valencia,0,1,1,1,17,18,6,1.4,1.2
2526,SP1,2026-01-04,Mallorca,Girona,1,1,2,0,18,18,6,1.4,1.2
2526,SP1,2026-01-11,Mallorca,Vallecano,0,1,2,0,19,18,5,1.2,1.2
2526,SP1,2026-01-17,Mallorca,Ath Bilbao,1,3,2,3,20,21,7,1.8,1.6
2526,SP1,2026-01-25,Mallorca,Ath Madrid,0,0,3,0,21,21,4,1.2,2.0
2526,SP1,2026-02-02,Mallorca,Sevilla,1,4,1,3,22,24,6,1.8,2.0
2526,SP1,2026-02-07,Mallorca,Barcelona,0,0,3,0,23,24,6,1.6,2.2
2526,SP1,2026-02-15,Mallorca,Betis,1,1,2,0,24,24,6,1.6,2.2
2526,SP1,2026-02-22,Mallorca,Celta,0,0,2,0,25,24,3,1.0,2.2
2526,SP1,2026-02-28,Mallorca,Sociedad,1,0,1,0,26,24,3,1.0,1.8
2526,SP1,2026-03-07,Mallorca,Osasuna,0,2,2,1,27,25,1,0.6,2.0
2526,SP1,2026-03-15,Mallorca,Espanol,1,2,1,3,28,28,4,1.0,1.6
2526,SP1,2026-03-21,Mallorca,Elche,0,1,2,0,29,28,4,1.0,1.6
2526,SP1,2026-04-04,Mallorca,Real Madrid,1,2,1,3,30,31,7,1.4,1.4
2526,SP1,2026-04-12,Mallorca,Vallecano,1,3,0,3,31,34,10,2.0,1.2
2526,SP1,2026-04-21,Mallorca,Valencia,1,1,1,1,32,35,10,1.8,1.0
2526,SP1,2026-04-25,Mallorca,Alaves,0,1,2,0,33,35,7,1.6,1.2
2526,SP1,2026-05-01,Mallorca,Girona,0,1,0,3,34,38,10,1.6,0.8
2526,SP1,2026-05-10,Mallorca,Villarreal,1,1,1,1,35,39,8,1.4,0.8
2526,SP1,2026-05-13,Mallorca,Getafe,0,1,3,0,36,39,5,1.0,1.4
2526,SP1,2026-05-17,Mallorca,Levante,0,0,2,0,37,39,4,0.8,1.6
2526,SP1,2026-05-23,Mallorca,Oviedo,1,3,0,3,38,42,7,1.2,1.2
2526,SP1,2025-08-19,Osasuna,Real Madrid,0,0,1,0,1,0,0,0.0,1.0
2526,SP1,2025-08-24,Osasuna,Valencia,1,1,0,3,2,3,3,0.5,0.5
2526,SP1,2025-08-31,Osasuna,Espanol,0,0,1,0,3,3,3,0.3333333333333333,0.6666666666666666
2526,SP1,2025-09-14,Osasuna,Vallecano,1,2,0,3,4,6,6,0.75,0.5
2526,SP1,2025-09-20,Osasuna,Villarreal,0,1,2,0,5,6,6,0.8,0.8
2526,SP1,2025-09-25,Osasuna,Elche,1,1,1,1,6,7,7,1.0,0.8
2526,SP1,2025-09-28,Osasuna,Betis,0,0,2,0,7,7,4,0.8,1.2
2526,SP1,2025-10-03,Osasuna,Getafe,1,2,1,3,8,10,7,1.2,1.2
2526,SP1,2025-10-18,Osasuna,Ath Madrid,0,0,1,0,9,10,4,0.8,1.4
2526,SP1,2025-10-26,Osasuna,Celta,1,2,3,0,10,10,4,1.0,1.6
2526,SP1,2025-11-03,Osasuna,Oviedo,0,0,0,1,11,11,4,0.8,1.4
2526,SP1,2025-11-08,Osasuna,Sevilla,0,0,1,0,12,11,4,0.8,1.2
2526,SP1,2025-11-22,Osasuna,Sociedad,1,1,3,0,13,11,1,0.6,1.6
2526,SP1,2025-11-29,Osasuna,Mallorca,0,2,2,1,14,12,2,1.0,1.8
2526,SP1,2025-12-08,Osasuna,Levante,1,2,0,3,15,15,5,1.0,1.2
2526,SP1,2025-12-13,Osasuna,Barcelona,0,0,2,0,16,15,4,1.0,1.6
2526,SP1,2025-12-20,Osasuna,Alaves,1,3,0,3,17,18,7,1.6,1.4
2526,SP1,2026-01-03,Osasuna,Ath Bilbao,1,1,1,1,18,19,8,1.6,1.0
2526,SP1,2026-01-10,Osasuna,Girona,0,0,1,0,19,19,7,1.2,0.8
2526,SP1,2026-01-17,Osasuna,Oviedo,1,3,2,3,20,22,7,1.4,1.2
2526,SP1,2026-01-24,Osasuna,Vallecano,0,3,1,3,21,25,10,2.0,1.0
2526,SP1,2026-01-31,Osasuna,Villarreal,1,2,2,1,22,26,8,1.8,1.4
2526,SP1,2026-02-06,Osasuna,Celta,0,2,1,3,23,29,10,2.0,1.4
2526,SP1,2026-02-13,Osasuna,Elche,0,0,0,1,24,30,11,2.0,1.2
2526,SP1,2026-02-21,Osasuna,Real Madrid,1,2,1,3,25,33,11,1.8,1.0
2526,SP1,2026-03-01,Osasuna,Valencia,0,0,1,0,26,33,8,1.2,1.0
2526,SP1,2026-03-07,Osasuna,Mallorca,1,2,2,1,27,34,8,1.2,1.0
2526,SP1,2026-03-15,Osasuna,Sociedad,0,1,3,0,28,34,5,1.0,1.4
2526,SP1,2026-03-21,Osasuna,Girona,1,1,0,3,29,37,7,1.2,1.4
2526,SP1,2026-04-05,Osasuna,Alaves,0,2,2,1,30,38,5,1.2,1.6
2526,SP1,2026-04-12,Osasuna,Betis,1,1,1,1,31,39,6,1.4,1.6
2526,SP1,2026-04-21,Osasuna,Ath Bilbao,0,0,1,0,32,39,5,1.0,1.4
2526,SP1,2026-04-26,Osasuna,Sevilla,1,2,1,3,33,42,8,1.2,1.0
2526,SP1,2026-05-02,Osasuna,Barcelona,1,1,2,0,34,42,5,1.2,1.4
2526,SP1,2026-05-08,Osasuna,Levante,0,2,3,0,35,42,4,1.2,1.6
2526,SP1,2026-05-12,Osasuna,Ath Madrid,1,1,2,0,36,42,3,1.2,1.8
2526,SP1,2026-05-17,Osasuna,Espanol,1,1,2,0,37,42,3,1.4,2.0
2526,SP1,2026-05-23,Osasuna,Getafe,0,0,1,0,38,42,0,1.0,2.0
2526,SP1,2025-08-15,Oviedo,Villarreal,0,0,2,0,1,0,0,0.0,2.0
2526,SP1,2025-08-24,Oviedo,Real Madrid,1,0,3,0,2,0,0,0.0,2.5
2526,SP1,2025-08-30,Oviedo,Sociedad,1,1,0,3,3,3,3,0.3333333333333333,1.6666666666666667
2526,SP1,2025-09-13,Oviedo,Getafe,0,0,2,0,4,3,3,0.25,1.75
2526,SP1,2025-09-21,Oviedo,Elche,0,0,1,0,5,3,3,0.2,1.6
2526,SP1,2025-09-25,Oviedo,Barcelona,1,1,3,0,6,3,3,0.4,1.8
2526,SP1,2025-09-30,Oviedo,Valencia,0,2,1,3,7,6,6,0.8,1.4
2526,SP1,2025-10-04,Oviedo,Levante,1,0,2,0,8,6,3,0.6,1.8
2526,SP1,2025-10-17,Oviedo,Espanol,1,0,2,0,9,6,3,0.6,1.8
2526,SP1,2025-10-25,Oviedo,Girona,0,3,3,1,10,7,4,1.2,2.2
2526,SP1,2025-11-03,Oviedo,Osasuna,1,0,0,1,11,8,5,1.0,1.6
2526,SP1,2025-11-09,Oviedo,Ath Bilbao,0,0,1,0,12,8,2,0.6,1.6
2526,SP1,2025-11-23,Oviedo,Vallecano,1,0,0,1,13,9,3,0.6,1.2
2526,SP1,2025-11-29,Oviedo,Ath Madrid,0,0,2,0,14,9,3,0.6,1.2
2526,SP1,2025-12-05,Oviedo,Mallorca,1,0,0,1,15,10,3,0.0,0.6
2526,SP1,2025-12-14,Oviedo,Sevilla,0,0,4,0,16,10,2,0.0,1.4
2526,SP1,2025-12-20,Oviedo,Celta,1,0,0,1,17,11,3,0.0,1.2
2526,SP1,2026-01-04,Oviedo,Alaves,0,1,1,1,18,12,3,0.2,1.4
2526,SP1,2026-01-10,Oviedo,Betis,1,1,1,1,19,13,4,0.4,1.2
2526,SP1,2026-01-17,Oviedo,Osasuna,0,2,3,0,20,13,3,0.8,1.8
2526,SP1,2026-01-25,Oviedo,Barcelona,0,0,3,0,21,13,3,0.8,1.6
2526,SP1,2026-01-31,Oviedo,Girona,1,1,0,3,22,16,5,1.0,1.6
2526,SP1,2026-02-15,Oviedo,Ath Bilbao,1,1,2,0,23,16,4,1.0,1.8
2526,SP1,2026-02-21,Oviedo,Sociedad,0,3,3,1,24,17,4,1.4,2.2
2526,SP1,2026-02-28,Oviedo,Ath Madrid,1,0,1,0,25,17,4,1.0,1.8
2526,SP1,2026-03-04,Oviedo,Vallecano,0,0,3,0,26,17,4,1.0,1.8
2526,SP1,2026-03-09,Oviedo,Espanol,0,1,1,1,27,18,2,1.0,2.0
2526,SP1,2026-03-14,Oviedo,Valencia,1,1,0,3,28,21,5,1.0,1.6
2526,SP1,2026-03-21,Oviedo,Levante,0,2,4,0,29,21,4,0.8,1.8
2526,SP1,2026-04-05,Oviedo,Sevilla,1,1,0,3,30,24,7,1.0,1.6
2526,SP1,2026-04-12,Oviedo,Celta,0,3,0,3,31,27,10,1.6,1.0
2526,SP1,2026-04-23,Oviedo,Villarreal,1,1,1,1,32,28,10,1.6,1.0
2526,SP1,2026-04-26,Oviedo,Elche,1,1,2,0,33,28,7,1.6,1.4
2526,SP1,2026-05-03,Oviedo,Betis,0,0,3,0,34,28,7,1.2,1.2
2526,SP1,2026-05-10,Oviedo,Getafe,1,0,0,1,35,29,5,1.0,1.2
2526,SP1,2026-05-14,Oviedo,Real Madrid,0,0,2,0,36,29,2,0.4,1.6
2526,SP1,2026-05-17,Oviedo,Alaves,1,0,1,0,37,29,1,0.2,1.6
2526,SP1,2026-05-23,Oviedo,Mallorca,0,0,3,0,38,29,1,0.0,1.8
2526,SP1,2025-08-19,Real Madrid,Osasuna,1,1,0,3,1,3,3,1.0,0.0
2526,SP1,2025-08-24,Real Madrid,Oviedo,0,3,0,3,2,6,6,2.0,0.0
2526,SP1,2025-08-30,Real Madrid,Mallorca,1,2,1,3,3,9,9,2.0,0.3333333333333333
2526,SP1,2025-09-13,Real Madrid,Sociedad,0,2,1,3,4,12,12,2.0,0.5
2526,SP1,2025-09-20,Real Madrid,Espanol,1,2,0,3,5,15,15,2.0,0.4
2526,SP1,2025-09-23,Real Madrid,Levante,0,4,1,3,6,18,15,2.6,0.6
2526,SP1,2025-09-27,Real Madrid,Ath Madrid,0,2,5,0,7,18,12,2.4,1.6
2526,SP1,2025-10-04,Real Madrid,Villarreal,1,3,1,3,8,21,12,2.6,1.6
2526,SP1,2025-10-19,Real Madrid,Getafe,0,1,0,3,9,24,12,2.4,1.4
2526,SP1,2025-10-26,Real Madrid,Barcelona,1,2,1,3,10,27,12,2.4,1.6
2526,SP1,2025-11-01,Real Madrid,Valencia,1,4,0,3,11,30,12,2.4,1.4
2526,SP1,2025-11-09,Real Madrid,Vallecano,0,0,0,1,12,31,13,2.0,0.4
2526,SP1,2025-11-23,Real Madrid,Elche,0,2,2,1,13,32,11,1.8,0.6
2526,SP1,2025-11-30,Real Madrid,Girona,0,1,1,1,14,33,9,1.8,0.8
2526,SP1,2025-12-03,Real Madrid,Ath Bilbao,0,3,0,3,15,36,9,2.0,0.6
2526,SP1,2025-12-07,Real Madrid,Celta,1,0,2,0,16,36,6,1.2,1.0
2526,SP1,2025-12-14,Real Madrid,Alaves,0,2,1,3,17,39,8,1.6,1.2
2526,SP1,2025-12-20,Real Madrid,Sevilla,1,2,0,3,18,42,10,1.6,0.8
2526,SP1,2026-01-04,Real Madrid,Betis,1,5,1,3,19,45,12,2.4,0.8
2526,SP1,2026-01-17,Real Madrid,Levante,1,2,0,3,20,48,12,2.2,0.8
2526,SP1,2026-01-24,Real Madrid,Villarreal,0,2,0,3,21,51,15,2.6,0.4
2526,SP1,2026-02-01,Real Madrid,Vallecano,1,2,1,3,22,54,15,2.6,0.4
2526,SP1,2026-02-08,Real Madrid,Valencia,0,2,0,3,23,57,15,2.6,0.4
2526,SP1,2026-02-14,Real Madrid,Sociedad,1,4,1,3,24,60,15,2.4,0.4
2526,SP1,2026-02-21,Real Madrid,Osasuna,0,1,2,0,25,60,12,2.2,0.8
2526,SP1,2026-03-02,Real Madrid,Getafe,1,0,1,0,26,60,9,1.8,1.0
2526,SP1,2026-03-06,Real Madrid,Celta,0,2,1,3,27,63,9,1.8,1.0
2526,SP1,2026-03-14,Real Madrid,Elche,1,4,1,3,28,66,9,2.2,1.2
2526,SP1,2026-03-22,Real Madrid,Ath Madrid,1,3,2,3,29,69,9,2.0,1.4
2526,SP1,2026-04-04,Real Madrid,Mallorca,0,1,2,0,30,69,9,2.0,1.4
2526,SP1,2026-04-10,Real Madrid,Girona,1,1,1,1,31,70,10,2.2,1.4
2526,SP1,2026-04-21,Real Madrid,Alaves,1,2,1,3,32,73,10,2.2,1.4
2526,SP1,2026-04-24,Real Madrid,Betis,0,1,1,1,33,74,8,1.6,1.4
2526,SP1,2026-05-03,Real Madrid,Espanol,0,2,0,3,34,77,8,1.4,1.0
2526,SP1,2026-05-10,Real Madrid,Barcelona,0,0,2,0,35,77,8,1.2,1.0
2526,SP1,2026-05-14,Real Madrid,Oviedo,1,2,0,3,36,80,10,1.4,0.8
2526,SP1,2026-05-17,Real Madrid,Sevilla,0,1,0,3,37,83,10,1.2,0.6
2526,SP1,2026-05-23,Real Madrid,Ath Bilbao,1,4,2,3,38,86,12,1.8,0.8
2526,SP1,2025-08-17,Sevilla,Ath Bilbao,0,2,3,0,1,0,0,2.0,3.0
2526,SP1,2025-08-25,Sevilla,Getafe,1,1,2,0,2,0,0,1.5,2.5
2526,SP1,2025-08-30,Sevilla,Girona,0,2,0,3,3,3,3,1.6666666666666667,1.6666666666666667
2526,SP1,2025-09-12,Sevilla,Elche,1,2,2,1,4,4,4,1.75,1.75
2526,SP1,2025-09-20,Sevilla,Alaves,0,2,1,3,5,7,7,1.8,1.6
2526,SP1,2025-09-23,Sevilla,Villarreal,1,1,2,0,6,7,7,1.6,1.4
2526,SP1,2025-09-28,Sevilla,Vallecano,0,1,0,3,7,10,10,1.6,1.0
2526,SP1,2025-10-05,Sevilla,Barcelona,1,4,1,3,8,13,10,2.0,1.2
2526,SP1,2025-10-18,Sevilla,Mallorca,1,1,3,0,9,13,9,1.8,1.4
2526,SP1,2025-10-24,Sevilla,Sociedad,0,1,2,0,10,13,6,1.6,1.6
2526,SP1,2025-11-01,Sevilla,Ath Madrid,0,0,3,0,11,13,6,1.4,1.8
2526,SP1,2025-11-08,Sevilla,Osasuna,1,1,0,3,12,16,6,1.4,1.8
2526,SP1,2025-11-24,Sevilla,Espanol,0,1,2,0,13,16,3,0.8,2.0
2526,SP1,2025-11-30,Sevilla,Betis,1,0,2,0,14,16,3,0.6,1.8
2526,SP1,2025-12-07,Sevilla,Valencia,0,1,1,1,15,17,4,0.6,1.6
2526,SP1,2025-12-14,Sevilla,Oviedo,1,4,0,3,16,20,7,1.4,1.0
2526,SP1,2025-12-20,Sevilla,Real Madrid,0,0,2,0,17,20,4,1.2,1.4
2526,SP1,2026-01-04,Sevilla,Levante,1,0,3,0,18,20,4,1.0,1.6
2526,SP1,2026-01-12,Sevilla,Celta,1,0,1,0,19,20,4,1.0,1.4
2526,SP1,2026-01-19,Sevilla,Elche,0,2,2,1,20,21,4,1.2,1.6
2526,SP1,2026-01-24,Sevilla,Ath Bilbao,1,2,1,3,21,24,4,0.8,1.8
2526,SP1,2026-02-02,Sevilla,Mallorca,0,1,4,0,22,24,4,1.0,2.2
2526,SP1,2026-02-08,Sevilla,Girona,1,1,1,1,23,25,5,1.2,1.8
2526,SP1,2026-02-14,Sevilla,Alaves,1,1,1,1,24,26,6,1.4,1.8
2526,SP1,2026-02-22,Sevilla,Getafe,0,1,0,3,25,29,8,1.2,1.4
2526,SP1,2026-03-01,Sevilla,Betis,0,2,2,1,26,30,6,1.2,1.6
2526,SP1,2026-03-08,Sevilla,Vallecano,1,1,1,1,27,31,7,1.2,1.0
2526,SP1,2026-03-15,Sevilla,Barcelona,0,2,5,0,28,31,6,1.4,1.8
2526,SP1,2026-03-21,Sevilla,Valencia,1,0,2,0,29,31,5,1.2,2.0
2526,SP1,2026-04-05,Sevilla,Oviedo,0,0,1,0,30,31,2,1.0,2.2
2526,SP1,2026-04-11,Sevilla,Ath Madrid,1,2,1,3,31,34,4,1.0,2.0
2526,SP1,2026-04-23,Sevilla,Levante,0,0,2,0,32,34,3,0.8,2.2
2526,SP1,2026-04-26,Sevilla,Osasuna,0,1,2,0,33,34,3,0.6,1.6
2526,SP1,2026-05-04,Sevilla,Sociedad,1,1,0,3,34,37,6,0.8,1.2
2526,SP1,2026-05-09,Sevilla,Espanol,1,2,1,3,35,40,9,1.2,1.2
2526,SP1,2026-05-13,Sevilla,Villarreal,0,3,2,3,36,43,9,1.4,1.4
2526,SP1,2026-05-17,Sevilla,Real Madrid,1,0,1,0,37,43,9,1.4,1.2
2526,SP1,2026-05-23,Sevilla,Celta,0,0,1,0,38,43,9,1.2,1.0
2526,SP1,2025-08-16,Sociedad,Valencia,0,1,1,1,1,1,1,1.0,1.0
2526,SP1,2025-08-24,Sociedad,Espanol,1,2,2,1,2,2,2,1.5,1.5
2526,SP1,2025-08-30,Sociedad,Oviedo,0,0,1,0,3,2,2,1.0,1.3333333333333333
2526,SP1,2025-09-13,Sociedad,Real Madrid,1,1,2,0,4,2,2,1.0,1.5
2526,SP1,2025-09-19,Sociedad,Betis,0,1,3,0,5,2,2,1.0,1.8
2526,SP1,2025-09-24,Sociedad,Mallorca,1,1,0,3,6,5,4,1.0,1.6
2526,SP1,2025-09-28,Sociedad,Barcelona,0,1,2,0,7,5,3,0.8,1.6
2526,SP1,2025-10-05,Sociedad,Vallecano,1,0,1,0,8,5,3,0.8,1.6
2526,SP1,2025-10-19,Sociedad,Celta,0,1,1,1,9,6,4,0.8,1.4
2526,SP1,2025-10-24,Sociedad,Sevilla,1,2,1,3,10,9,7,1.0,1.0
2526,SP1,2025-11-01,Sociedad,Ath Bilbao,1,3,2,3,11,12,7,1.4,1.4
2526,SP1,2025-11-07,Sociedad,Elche,0,1,1,1,12,13,8,1.4,1.2
2526,SP1,2025-11-22,Sociedad,Osasuna,0,3,1,3,13,16,11,2.0,1.2
2526,SP1,2025-11-30,Sociedad,Villarreal,1,2,3,0,14,16,10,2.2,1.6
2526,SP1,2025-12-06,Sociedad,Alaves,0,0,1,0,15,16,7,1.8,1.6
2526,SP1,2025-12-12,Sociedad,Girona,1,1,2,0,16,16,4,1.4,1.6
2526,SP1,2025-12-20,Sociedad,Levante,0,1,1,1,17,17,4,1.4,1.6
2526,SP1,2026-01-04,Sociedad,Ath Madrid,1,1,1,1,18,18,2,1.0,1.6
2526,SP1,2026-01-09,Sociedad,Getafe,0,2,1,3,19,21,5,1.0,1.2
2526,SP1,2026-01-18,Sociedad,Barcelona,1,2,1,3,20,24,8,1.4,1.2
2526,SP1,2026-01-25,Sociedad,Celta,1,3,1,3,21,27,11,1.8,1.0
2526,SP1,2026-02-01,Sociedad,Ath Bilbao,0,1,1,1,22,28,11,1.8,1.0
2526,SP1,2026-02-07,Sociedad,Elche,1,3,1,3,23,31,13,2.2,1.0
2526,SP1,2026-02-14,Sociedad,Real Madrid,0,1,4,0,24,31,10,2.0,1.6
2526,SP1,2026-02-21,Sociedad,Oviedo,1,3,3,1,25,32,8,2.2,2.0
2526,SP1,2026-02-28,Sociedad,Mallorca,0,1,0,3,26,35,8,1.8,1.8
2526,SP1,2026-03-07,Sociedad,Ath Madrid,0,2,3,0,27,35,7,2.0,2.2
2526,SP1,2026-03-15,Sociedad,Osasuna,1,3,1,3,28,38,7,2.0,2.2
2526,SP1,2026-03-20,Sociedad,Villarreal,0,1,3,0,29,38,7,2.0,2.0
2526,SP1,2026-04-04,Sociedad,Levante,1,2,0,3,30,41,9,1.8,1.4
2526,SP1,2026-04-11,Sociedad,Alaves,1,3,3,1,31,42,7,2.2,2.0
2526,SP1,2026-04-22,Sociedad,Getafe,1,0,1,0,32,42,7,1.8,1.6
2526,SP1,2026-04-26,Sociedad,Vallecano,0,3,3,1,33,43,5,1.8,2.0
2526,SP1,2026-05-04,Sociedad,Sevilla,0,0,1,0,34,43,5,1.6,1.6
2526,SP1,2026-05-09,Sociedad,Betis,1,2,2,1,35,44,3,1.6,2.0
2526,SP1,2026-05-14,Sociedad,Girona,0,1,1,1,36,45,3,1.2,1.6
2526,SP1,2026-05-17,Sociedad,Valencia,1,3,4,0,37,45,3,1.8,2.2
2526,SP1,2026-05-23,Sociedad,Espanol,0,1,1,1,38,46,3,1.4,1.8
2526,SP1,2025-08-16,Valencia,Sociedad,1,1,1,1,1,1,1,1.0,1.0
2526,SP1,2025-08-24,Valencia,Osasuna,0,0,1,0,2,1,1,0.5,1.0
2526,SP1,2025-08-29,Valencia,Getafe,1,3,0,3,3,4,4,1.3333333333333333,0.6666666666666666
2526,SP1,2025-09-14,Valencia,Barcelona,0,0,6,0,4,4,4,1.0,2.0
2526,SP1,2025-09-20,Valencia,Ath Bilbao,1,2,0,3,5,7,7,1.2,1.6
2526,SP1,2025-09-23,Valencia,Espanol,0,2,2,1,6,8,7,1.4,1.8
2526,SP1,2025-09-30,Valencia,Oviedo,1,1,2,0,7,8,7,1.6,2.0
2526,SP1,2025-10-04,Valencia,Girona,0,1,2,0,8,8,4,1.2,2.4
2526,SP1,2025-10-20,Valencia,Alaves,0,0,0,1,9,9,5,1.2,1.2
2526,SP1,2025-10-25,Valencia,Villarreal,1,0,2,0,10,9,2,0.8,1.6
2526,SP1,2025-11-01,Valencia,Real Madrid,0,0,4,0,11,9,1,0.4,2.0
2526,SP1,2025-11-09,Valencia,Betis,1,1,1,1,12,10,2,0.4,1.8
2526,SP1,2025-11-21,Valencia,Levante,1,1,0,3,13,13,5,0.4,1.4
2526,SP1,2025-12-01,Valencia,Vallecano,0,1,1,1,14,14,5,0.6,1.6
2526,SP1,2025-12-07,Valencia,Sevilla,1,1,1,1,15,15,6,0.8,1.4
2526,SP1,2025-12-13,Valencia,Ath Madrid,0,1,2,0,16,15,6,1.0,1.0
2526,SP1,2025-12-19,Valencia,Mallorca,1,1,1,1,17,16,6,1.0,1.0
2526,SP1,2026-01-03,Valencia,Celta,0,1,4,0,18,16,3,1.0,1.8
2526,SP1,2026-01-10,Valencia,Elche,1,1,1,1,19,17,3,1.0,1.8
2526,SP1,2026-01-18,Valencia,Getafe,0,1,0,3,20,20,5,1.0,1.6
2526,SP1,2026-01-24,Valencia,Espanol,1,3,2,3,21,23,8,1.4,1.6
2526,SP1,2026-02-01,Valencia,Betis,0,1,2,0,22,23,7,1.4,1.8
2526,SP1,2026-02-08,Valencia,Real Madrid,1,0,2,0,23,23,7,1.2,1.4
2526,SP1,2026-02-15,Valencia,Levante,0,2,0,3,24,26,9,1.4,1.2
2526,SP1,2026-02-22,Valencia,Villarreal,0,1,2,0,25,26,6,1.4,1.6
2526,SP1,2026-03-01,Valencia,Osasuna,1,1,0,3,26,29,6,1.0,1.2
2526,SP1,2026-03-08,Valencia,Alaves,1,3,2,3,27,32,9,1.4,1.2
2526,SP1,2026-03-14,Valencia,Oviedo,0,0,1,0,28,32,9,1.4,1.0
2526,SP1,2026-03-21,Valencia,Sevilla,0,2,0,3,29,35,9,1.4,1.0
2526,SP1,2026-04-05,Valencia,Celta,1,2,3,0,30,35,9,1.6,1.2
2526,SP1,2026-04-11,Valencia,Elche,0,0,1,0,31,35,6,1.4,1.4
2526,SP1,2026-04-21,Valencia,Mallorca,0,1,1,1,32,36,4,1.0,1.2
2526,SP1,2026-04-25,Valencia,Girona,1,2,1,3,33,39,7,1.4,1.2
2526,SP1,2026-05-02,Valencia,Ath Madrid,1,0,2,0,34,39,4,1.0,1.6
2526,SP1,2026-05-10,Valencia,Ath Bilbao,0,1,0,3,35,42,7,0.8,1.0
2526,SP1,2026-05-14,Valencia,Vallecano,1,1,1,1,36,43,8,1.0,1.0
2526,SP1,2026-05-17,Valencia,Sociedad,0,4,3,3,37,46,10,1.6,1.4
2526,SP1,2026-05-23,Valencia,Barcelona,1,3,1,3,38,49,10,1.8,1.4
2526,SP1,2025-08-15,Vallecano,Girona,0,3,1,3,1,3,3,3.0,1.0
2526,SP1,2025-08-25,Vallecano,Ath Bilbao,0,0,1,0,2,3,3,1.5,1.0
2526,SP1,2025-08-31,Vallecano,Barcelona,1,1,1,1,3,4,4,1.3333333333333333,1.0
2526,SP1,2025-09-14,Vallecano,Osasuna,0,0,2,0,4,4,4,1.0,1.25
2526,SP1,2025-09-21,Vallecano,Celta,1,1,1,1,5,5,5,1.0,1.2
2526,SP1,2025-09-24,Vallecano,Ath Madrid,0,2,3,0,6,5,2,0.8,1.6
2526,SP1,2025-09-28,Vallecano,Sevilla,1,0,1,0,7,5,2,0.8,1.6
2526,SP1,2025-10-05,Vallecano,Sociedad,0,1,0,3,8,8,4,0.8,1.4
2526,SP1,2025-10-19,Vallecano,Levante,0,3,0,3,9,11,7,1.4,1.0
2526,SP1,2025-10-26,Vallecano,Alaves,1,1,0,3,10,14,9,1.4,0.8
2526,SP1,2025-11-01,Vallecano,Villarreal,0,0,4,0,11,14,9,1.0,1.0
2526,SP1,2025-11-09,Vallecano,Real Madrid,1,0,0,1,12,15,10,1.0,0.8
2526,SP1,2025-11-23,Vallecano,Oviedo,0,0,0,1,13,16,8,0.8,0.8
2526,SP1,2025-12-01,Vallecano,Valencia,1,1,1,1,14,17,6,0.4,1.0
2526,SP1,2025-12-07,Vallecano,Espanol,0,0,1,0,15,17,3,0.2,1.2
2526,SP1,2025-12-15,Vallecano,Betis,1,0,0,1,16,18,4,0.2,0.4
2526,SP1,2025-12-21,Vallecano,Elche,0,0,4,0,17,18,3,0.2,1.2
2526,SP1,2026-01-02,Vallecano,Getafe,1,1,1,1,18,19,3,0.4,1.4
2526,SP1,2026-01-11,Vallecano,Mallorca,1,2,1,3,19,22,5,0.6,1.4
2526,SP1,2026-01-18,Vallecano,Celta,0,0,3,0,20,22,5,0.6,1.8
2526,SP1,2026-01-24,Vallecano,Osasuna,1,1,3,0,21,22,4,0.8,2.4
2526,SP1,2026-02-01,Vallecano,Real Madrid,0,1,2,0,22,22,4,1.0,2.0
2526,SP1,2026-02-15,Vallecano,Ath Madrid,1,3,0,3,23,25,6,1.4,1.8
2526,SP1,2026-02-21,Vallecano,Betis,0,1,1,1,24,26,4,1.2,1.8
2526,SP1,2026-02-28,Vallecano,Ath Bilbao,1,1,1,1,25,27,5,1.4,1.4
2526,SP1,2026-03-04,Vallecano,Oviedo,1,3,0,3,26,30,8,1.8,0.8
2526,SP1,2026-03-08,Vallecano,Sevilla,0,1,1,1,27,31,9,1.8,0.6
2526,SP1,2026-03-16,Vallecano,Levante,1,1,1,1,28,32,7,1.4,0.8
2526,SP1,2026-03-22,Vallecano,Barcelona,0,0,1,0,29,32,6,1.2,0.8
2526,SP1,2026-04-03,Vallecano,Elche,1,1,0,3,30,35,8,1.2,0.6
2526,SP1,2026-04-12,Vallecano,Mallorca,0,0,3,0,31,35,5,0.6,1.2
2526,SP1,2026-04-23,Vallecano,Espanol,1,1,0,3,32,38,7,0.6,1.0
2526,SP1,2026-04-26,Vallecano,Sociedad,1,3,3,1,33,39,7,1.0,1.4
2526,SP1,2026-05-03,Vallecano,Getafe,0,2,0,3,34,42,10,1.4,1.2
2526,SP1,2026-05-11,Vallecano,Girona,1,1,1,1,35,43,8,1.4,1.4
2526,SP1,2026-05-14,Vallecano,Valencia,0,1,1,1,36,44,9,1.6,1.0
2526,SP1,2026-05-17,Vallecano,Villarreal,1,2,0,3,37,47,9,1.8,1.0
2526,SP1,2026-05-23,Vallecano,Alaves,0,2,1,3,38,50,11,1.6,0.6
2526,SP1,2025-08-15,Villarreal,Oviedo,1,2,0,3,1,3,3,2.0,0.0
2526,SP1,2025-08-24,Villarreal,Girona,1,5,0,3,2,6,6,3.5,0.0
2526,SP1,2025-08-31,Villarreal,Celta,0,1,1,1,3,7,7,2.6666666666666665,0.3333333333333333
2526,SP1,2025-09-13,Villarreal,Ath Madrid,0,0,2,0,4,7,7,2.0,0.75
2526,SP1,2025-09-20,Villarreal,Osasuna,1,2,1,3,5,10,10,2.0,0.8
2526,SP1,2025-09-23,Villarreal,Sevilla,0,2,1,3,6,13,10,2.0,1.0
2526,SP1,2025-09-27,Villarreal,Ath Bilbao,1,1,0,3,7,16,10,1.2,1.0
2526,SP1,2025-10-04,Villarreal,Real Madrid,0,1,3,0,8,16,9,1.2,1.4
2526,SP1,2025-10-18,Villarreal,Betis,1,2,2,1,9,17,10,1.6,1.4
2526,SP1,2025-10-25,Villarreal,Valencia,0,2,0,3,10,20,10,1.6,1.2
2526,SP1,2025-11-01,Villarreal,Vallecano,1,4,0,3,11,23,10,2.0,1.0
2526,SP1,2025-11-08,Villarreal,Espanol,0,2,0,3,12,26,10,2.2,1.0
2526,SP1,2025-11-22,Villarreal,Mallorca,1,2,1,3,13,29,13,2.4,0.6
2526,SP1,2025-11-30,Villarreal,Sociedad,0,3,2,3,14,32,15,2.6,0.6
2526,SP1,2025-12-06,Villarreal,Getafe,1,2,0,3,15,35,15,2.6,0.6
2526,SP1,2025-12-21,Villarreal,Barcelona,1,0,2,0,16,35,12,1.8,1.0
2526,SP1,2026-01-03,Villarreal,Elche,0,3,1,3,17,38,12,2.0,1.2
2526,SP1,2026-01-10,Villarreal,Alaves,1,3,1,3,18,41,12,2.2,1.2
2526,SP1,2026-01-17,Villarreal,Betis,0,0,2,0,19,41,9,1.6,1.2
2526,SP1,2026-01-24,Villarreal,Real Madrid,1,0,2,0,20,41,6,1.2,1.6
2526,SP1,2026-01-31,Villarreal,Osasuna,0,2,2,1,21,42,7,1.6,1.6
2526,SP1,2026-02-09,Villarreal,Espanol,1,4,1,3,22,45,7,1.8,1.6
2526,SP1,2026-02-14,Villarreal,Getafe,0,1,2,0,23,45,4,1.4,1.8
2526,SP1,2026-02-18,Villarreal,Levante,0,1,0,3,24,48,7,1.6,1.4
2526,SP1,2026-02-22,Villarreal,Valencia,1,2,1,3,25,51,10,2.0,1.2
2526,SP1,2026-02-28,Villarreal,Barcelona,0,1,4,0,26,51,9,1.8,1.6
2526,SP1,2026-03-08,Villarreal,Elche,1,2,1,3,27,54,9,1.4,1.6
2526,SP1,2026-03-13,Villarreal,Alaves,0,1,1,1,28,55,10,1.4,1.4
2526,SP1,2026-03-20,Villarreal,Sociedad,1,3,1,3,29,58,10,1.8,1.6
2526,SP1,2026-04-06,Villarreal,Girona,0,0,1,0,30,58,7,1.4,1.6
2526,SP1,2026-04-12,Villarreal,Ath Bilbao,0,2,1,3,31,61,10,1.6,1.0
2526,SP1,2026-04-23,Villarreal,Oviedo,0,1,1,1,32,62,8,1.4,1.0
2526,SP1,2026-04-26,Villarreal,Celta,1,2,1,3,33,65,10,1.6,1.0
2526,SP1,2026-05-02,Villarreal,Levante,1,5,1,3,34,68,10,2.0,1.0
2526,SP1,2026-05-10,Villarreal,Mallorca,0,1,1,1,35,69,11,2.2,1.0
2526,SP1,2026-05-13,Villarreal,Sevilla,1,2,3,0,36,69,8,2.2,1.4
2526,SP1,2026-05-17,Villarreal,Vallecano,0,0,2,0,37,69,7,2.0,1.6
2526,SP1,2026-05-24,Villarreal,Ath Madrid,1,5,1,3,38,72,7,2.6,1.6
2627,E0,2026-08-21,Arsenal,Coventry,1,3,0,3,1,3,3,3.0,0.0
2627,E0,2026-08-31,Arsenal,Aston Villa,0,1,0,3,2,6,6,2.0,0.0
2627,E0,2026-09-06,Arsenal,Chelsea,1,2,1,3,3,9,9,2.0,0.3333333333333333
2627,E0,2026-09-12,Arsenal,Sunderland,0,2,0,3,4,12,12,2.0,0.25
2627,E0,2026-08-23,Aston Villa,Brighton,0,0,4,0,1,0,0,0.0,4.0
2627,E0,2026-08-31,Aston Villa,Arsenal,1,0,1,0,2,0,0,0.0,2.5
2627,E0,2026-09-05,Aston Villa,Hull,0,0,0,1,3,1,1,0.0,1.6666666666666667
2627,E0,2026-09-12,Aston Villa,Nott'm Forest,1,1,2,0,4,1,1,0.25,1.75
2627,E0,2026-08-23,Bournemouth,Man City,0,1,2,0,1,0,0,1.0,2.0
2627,E0,2026-08-29,Bournemouth,Everton,1,1,1,1,2,1,1,1.0,1.5
2627,E0,2026-09-05,Bournemouth,Newcastle,0,2,2,1,3,2,2,1.3333333333333333,1.6666666666666667
2627,E0,2026-09-12,Bournemouth,Brentford,1,2,2,1,4,3,3,1.5,1.75
2627,E0,2026-08-22,Brentford,Tottenham,1,3,0,3,1,3,3,3.0,0.0
2627,E0,2026-08-30,Brentford,Leeds,0,1,1,1,2,4,4,2.0,0.5
2627,E0,2026-09-05,Brentford,Sunderland,1,1,1,1,3,5,5,1.6666666666666667,0.6666666666666666
2627,E0,2026-09-12,Brentford,Bournemouth,0,2,2,1,4,6,6,1.75,1.0
2627,E0,2026-08-23,Brighton,Aston Villa,1,4,0,3,1,3,3,4.0,0.0
2627,E0,2026-08-30,Brighton,Chelsea,0,3,4,0,2,3,3,3.5,2.0
2627,E0,2026-09-05,Brighton,Leeds,1,1,1,1,3,4,4,2.6666666666666665,1.6666666666666667
2627,E0,2026-09-13,Brighton,Coventry,0,5,0,3,4,7,7,3.25,1.25
2627,E0,2026-08-24,Chelsea,Fulham,0,3,2,3,1,3,3,3.0,2.0
2627,E0,2026-08-30,Chelsea,Brighton,1,4,3,3,2,6,6,3.5,2.5
2627,E0,2026-09-06,Chelsea,Arsenal,0,1,2,0,3,6,6,2.6666666666666665,2.3333333333333335
2627,E0,2026-09-12,Chelsea,Hull,1,2,2,1,4,7,7,2.5,2.25
2627,E0,2026-08-21,Coventry,Arsenal,0,0,3,0,1,0,0,0.0,3.0
2627,E0,2026-08-29,Coventry,Hull,1,0,1,0,2,0,0,0.0,2.0
2627,E0,2026-09-05,Coventry,Man City,0,0,1,0,3,0,0,0.0,1.6666666666666667
2627,E0,2026-09-13,Coventry,Brighton,1,0,5,0,4,0,0,0.0,2.5
2627,E0,2026-08-22,Crystal Palace,Everton,0,0,2,0,1,0,0,0.0,2.0
2627,E0,2026-08-28,Crystal Palace,Man City,1,1,4,0,2,0,0,0.5,3.0
2627,E0,2026-09-05,Crystal Palace,Fulham,0,3,2,3,3,3,3,1.3333333333333333,2.6666666666666665
2627,E0,2026-09-12,Crystal Palace,Ipswich,1,2,3,0,4,3,3,1.5,2.75
2627,E0,2026-08-22,Everton,Crystal Palace,1,2,0,3,1,3,3,2.0,0.0
2627,E0,2026-08-29,Everton,Bournemouth,0,1,1,1,2,4,4,1.5,0.5
2627,E0,2026-09-06,Everton,Man United,1,2,2,1,3,5,5,1.6666666666666667,1.0
2627,E0,2026-09-12,Everton,Tottenham,0,0,0,1,4,6,6,1.25,0.75
2627,E0,2026-08-24,Fulham,Chelsea,1,2,3,0,1,0,0,2.0,3.0
2627,E0,2026-08-30,Fulham,Sunderland,0,0,1,0,2,0,0,1.0,2.0
2627,E0,2026-09-05,Fulham,Crystal Palace,1,2,3,0,3,0,0,1.3333333333333333,2.3333333333333335
2627,E0,2026-09-12,Fulham,Liverpool,0,0,0,1,4,1,1,1.0,1.75
2627,E0,2026-08-22,Hull,Man United,1,2,0,3,1,3,3,2.0,0.0
2627,E0,2026-08-29,Hull,Coventry,0,1,0,3,2,6,6,1.5,0.0
2627,E0,2026-09-05,Hull,Aston Villa,1,0,0,1,3,7,7,1.0,0.0
2627,E0,2026-09-12,Hull,Chelsea,0,2,2,1,4,8,8,1.25,0.5
2627,E0,2026-08-22,Ipswich,Sunderland,1,2,1,3,1,3,3,2.0,1.0
2627,E0,2026-08-30,Ipswich,Man United,0,2,5,0,2,3,3,2.0,3.0
2627,E0,2026-09-04,Ipswich,Liverpool,1,0,2,0,3,3,3,1.3333333333333333,2.6666666666666665
2627,E0,2026-09-12,Ipswich,Crystal Palace,0,3,2,3,4,6,6,1.75,2.5
2627,E0,2026-08-22,Leeds,Nott'm Forest,0,1,0,3,1,3,3,1.0,0.0
2627,E0,2026-08-30,Leeds,Brentford,1,1,1,1,2,4,4,1.0,0.5
2627,E0,2026-09-05,Leeds,Brighton,0,1,1,1,3,5,5,1.0,0.6666666666666666
2627,E0,2026-09-14,Leeds,Newcastle,1,4,1,3,4,8,8,1.75,0.75
2627,E0,2026-08-23,Liverpool,Newcastle,0,2,2,1,1,1,1,2.0,2.0
2627,E0,2026-08-29,Liverpool,Nott'm Forest,1,2,2,1,2,2,2,2.0,2.0
2627,E0,2026-09-04,Liverpool,Ipswich,0,2,0,3,3,5,5,2.0,1.3333333333333333
2627,E0,2026-09-12,Liverpool,Fulham,1,0,0,1,4,6,6,1.5,1.0
2627,E0,2026-08-23,Man City,Bournemouth,1,2,1,3,1,3,3,2.0,1.0
2627,E0,2026-08-28,Man City,Crystal Palace,0,4,1,3,2,6,6,3.0,1.0
2627,E0,2026-09-05,Man City,Coventry,1,1,0,3,3,9,9,2.3333333333333335,0.6666666666666666
2627,E0,2026-09-13,Man City,Man United,0,1,0,3,4,12,12,2.0,0.5
2627,E0,2026-08-22,Man United,Hull,0,0,2,0,1,0,0,0.0,2.0
2627,E0,2026-08-30,Man United,Ipswich,1,5,2,3,2,3,3,2.5,2.0
2627,E0,2026-09-06,Man United,Everton,0,2,2,1,3,4,4,2.3333333333333335,2.0
2627,E0,2026-09-13,Man United,Man City,1,0,1,0,4,4,4,1.75,1.75
2627,E0,2026-08-23,Newcastle,Liverpool,1,2,2,1,1,1,1,2.0,2.0
2627,E0,2026-08-29,Newcastle,Tottenham,0,2,0,3,2,4,4,2.0,1.0
2627,E0,2026-09-05,Newcastle,Bournemouth,1,2,2,1,3,5,5,2.0,1.3333333333333333
2627,E0,2026-09-14,Newcastle,Leeds,0,1,4,0,4,5,5,1.75,2.0
2627,E0,2026-08-22,Nott'm Forest,Leeds,1,0,1,0,1,0,0,0.0,1.0
2627,E0,2026-08-29,Nott'm Forest,Liverpool,0,2,2,1,2,1,1,1.0,1.5
2627,E0,2026-09-05,Nott'm Forest,Tottenham,1,0,0,1,3,2,2,0.6666666666666666,1.0
2627,E0,2026-09-12,Nott'm Forest,Aston Villa,0,2,1,3,4,5,5,1.0,1.0
2627,E0,2026-08-22,Sunderland,Ipswich,0,1,2,0,1,0,0,1.0,2.0
2627,E0,2026-08-30,Sunderland,Fulham,1,1,0,3,2,3,3,1.0,1.0
2627,E0,2026-09-05,Sunderland,Brentford,0,1,1,1,3,4,4,1.0,1.0
2627,E0,2026-09-12,Sunderland,Arsenal,1,0,2,0,4,4,4,0.75,1.25
2627,E0,2026-08-22,Tottenham,Brentford,0,0,3,0,1,0,0,0.0,3.0
2627,E0,2026-08-29,Tottenham,Newcastle,1,0,2,0,2,0,0,0.0,2.5
2627,E0,2026-09-05,Tottenham,Nott'm Forest,0,0,0,1,3,1,1,0.0,1.6666666666666667
2627,E0,2026-09-12,Tottenham,Everton,1,0,0,1,4,2,2,0.0,1.25
2627,SP1,2026-08-15,Alaves,Getafe,1,3,0,3,1,3,3,3.0,0.0
2627,SP1,2026-08-20,Alaves,Vallecano,0,1,1,1,2,4,4,2.0,0.5
2627,SP1,2026-08-28,Alaves,Villarreal,1,1,0,3,3,7,7,1.6666666666666667,0.3333333333333333
2627,SP1,2026-09-06,Alaves,Osasuna,1,5,2,3,4,10,10,2.5,0.75
2627,SP1,2026-09-12,Alaves,Santander,0,1,2,0,5,10,10,2.2,1.0
2627,SP1,2026-09-15,Alaves,Valencia,1,0,1,0,6,10,7,1.6,1.2
2627,SP1,2026-08-22,Ath Bilbao,Sevilla,1,1,3,0,1,0,0,1.0,3.0
2627,SP1,2026-08-27,Ath Bilbao,Barcelona,0,0,2,0,2,0,0,0.5,2.5
2627,SP1,2026-08-30,Ath Bilbao,Celta,0,2,0,3,3,3,3,1.0,1.6666666666666667
2627,SP1,2026-09-05,Ath Bilbao,Ath Madrid,1,3,0,3,4,6,6,1.5,1.25
2627,SP1,2026-09-12,Ath Bilbao,Elche,1,1,1,1,5,7,7,1.4,1.2
2627,SP1,2026-08-19,Ath Madrid,Malaga,1,2,0,3,1,3,3,2.0,0.0
2627,SP1,2026-08-23,Ath Madrid,Villarreal,1,2,2,1,2,4,4,2.0,1.0
2627,SP1,2026-08-29,Ath Madrid,Sevilla,0,3,1,3,3,7,7,2.3333333333333335,1.0
2627,SP1,2026-09-05,Ath Madrid,Ath Bilbao,0,0,3,0,4,7,7,1.75,1.5
2627,SP1,2026-09-13,Ath Madrid,Sociedad,0,3,0,3,5,10,10,2.0,1.2
2627,SP1,2026-09-16,Ath Madrid,Osasuna,1,4,0,3,6,13,10,2.4,1.2
2627,SP1,2026-08-23,Barcelona,Elche,0,5,0,3,1,3,3,5.0,0.0
2627,SP1,2026-08-27,Barcelona,Ath Bilbao,1,2,0,3,2,6,6,3.5,0.0
2627,SP1,2026-08-31,Barcelona,Vallecano,1,5,2,3,3,9,9,4.0,0.6666666666666666
2627,SP1,2026-09-06,Barcelona,Valencia,0,5,0,3,4,12,12,4.25,0.5
2627,SP1,2026-09-13,Barcelona,Levante,0,4,2,3,5,15,15,4.2,0.8
2627,SP1,2026-09-16,Barcelona,Santander,1,7,2,3,6,18,15,4.6,1.2
2627,SP1,2026-08-21,Betis,Sociedad,1,1,0,3,1,3,3,1.0,0.0
2627,SP1,2026-08-25,Betis,Valencia,0,1,0,3,2,6,6,1.0,0.0
2627,SP1,2026-08-29,Betis,Levante,0,2,5,0,3,6,6,1.3333333333333333,1.6666666666666667
2627,SP1,2026-09-04,Betis,Real Madrid,1,1,0,3,4,9,9,1.25,1.25
2627,SP1,2026-09-14,Betis,Villarreal,0,2,1,3,5,12,12,1.4,1.2
2627,SP1,2026-09-17,Betis,Getafe,1,1,0,3,6,15,12,1.4,1.2
2627,SP1,2026-08-22,Celta,Valencia,0,0,0,1,1,1,1,0.0,0.0
2627,SP1,2026-08-27,Celta,Osasuna,1,1,2,0,2,1,1,0.5,1.0
2627,SP1,2026-08-30,Celta,Ath Bilbao,1,0,2,0,3,1,1,0.3333333333333333,1.3333333333333333
2627,SP1,2026-09-03,Celta,Sociedad,0,0,0,1,4,2,2,0.25,1.0
2627,SP1,2026-09-07,Celta,Getafe,0,1,1,1,5,3,3,0.4,1.0
2627,SP1,2026-09-13,Celta,Malaga,1,1,1,1,6,4,3,0.6,1.2
2627,SP1,2026-08-17,Elche,La Coruna,0,1,1,1,1,1,1,1.0,1.0
2627,SP1,2026-08-23,Elche,Barcelona,1,0,5,0,2,1,1,0.5,3.0
2627,SP1,2026-08-28,Elche,Santander,0,2,3,0,3,1,1,1.0,3.0
2627,SP1,2026-09-07,Elche,Sociedad,1,2,3,0,4,1,1,1.25,3.0
2627,SP1,2026-09-12,Elche,Ath Bilbao,0,1,1,1,5,2,2,1.2,2.6
2627,SP1,2026-09-15,Elche,Real Madrid,1,2,3,0,6,2,1,1.4,3.0
2627,SP1,2026-08-16,Espanol,Levante,1,3,0,3,1,3,3,3.0,0.0
2627,SP1,2026-08-22,Espanol,Real Madrid,1,1,2,0,2,3,3,2.0,1.0
2627,SP1,2026-08-29,Espanol,Sociedad,0,1,2,0,3,3,3,1.6666666666666667,1.3333333333333333
2627,SP1,2026-09-06,Espanol,Sevilla,1,1,1,1,4,4,4,1.5,1.25
2627,SP1,2026-09-12,Espanol,Osasuna,0,2,0,3,5,7,7,1.6,1.0
2627,SP1,2026-09-15,Espanol,Vallecano,0,1,2,0,6,7,4,1.2,1.4
2627,SP1,2026-08-15,Getafe,Alaves,0,0,3,0,1,0,0,0.0,3.0
2627,SP1,2026-08-23,Getafe,Santander,1,1,0,3,2,3,3,0.5,1.5
2627,SP1,2026-08-31,Getafe,Osasuna,0,0,1,0,3,3,3,0.3333333333333333,1.3333333333333333
2627,SP1,2026-09-07,Getafe,Celta,1,1,1,1,4,4,4,0.5,1.25
2627,SP1,2026-09-13,Getafe,La Coruna,1,1,1,1,5,5,5,0.6,1.2
2627,SP1,2026-09-17,Getafe,Betis,0,0,1,0,6,5,5,0.6,0.8
2627,SP1,2026-08-17,La Coruna,Elche,1,1,1,1,1,1,1,1.0,1.0
2627,SP1,2026-08-24,La Coruna,Malaga,0,1,1,1,2,2,2,1.0,1.0
2627,SP1,2026-08-30,La Coruna,Valencia,1,3,1,3,3,5,5,1.6666666666666667,1.0
2627,SP1,2026-09-05,La Coruna,Villarreal,0,3,2,3,4,8,8,2.0,1.25
2627,SP1,2026-09-13,La Coruna,Getafe,0,1,1,1,5,9,9,1.8,1.2
2627,SP1,2026-09-16,La Coruna,Sevilla,1,0,1,0,6,9,8,1.6,1.2
2627,SP1,2026-08-16,Levante,Espanol,0,0,3,0,1,0,0,0.0,3.0
2627,SP1,2026-08-24,Levante,Osasuna,0,0,0,1,2,1,1,0.0,1.5
2627,SP1,2026-08-29,Levante,Betis,1,5,2,3,3,4,4,1.6666666666666667,1.6666666666666667
2627,SP1,2026-09-06,Levante,Malaga,0,0,0,1,4,5,5,1.25,1.25
2627,SP1,2026-09-13,Levante,Barcelona,1,2,4,0,5,5,5,1.4,1.8
2627,SP1,2026-08-19,Malaga,Ath Madrid,0,0,2,0,1,0,0,0.0,2.0
2627,SP1,2026-08-24,Malaga,La Coruna,1,1,1,1,2,1,1,0.5,1.5
2627,SP1,2026-08-30,Malaga,Real Madrid,0,0,4,0,3,1,1,0.3333333333333333,2.3333333333333335
2627,SP1,2026-09-06,Malaga,Levante,1,0,0,1,4,2,2,0.25,1.75
2627,SP1,2026-09-13,Malaga,Celta,0,1,1,1,5,3,3,0.4,1.6
2627,SP1,2026-09-17,Malaga,Villarreal,1,1,3,0,6,3,3,0.6,1.8
2627,SP1,2026-08-24,Osasuna,Levante,1,0,0,1,1,1,1,0.0,0.0
2627,SP1,2026-08-27,Osasuna,Celta,0,2,1,3,2,4,4,1.0,0.5
2627,SP1,2026-08-31,Osasuna,Getafe,1,1,0,3,3,7,7,1.0,0.3333333333333333
2627,SP1,2026-09-06,Osasuna,Alaves,0,2,5,0,4,7,7,1.25,1.5
2627,SP1,2026-09-12,Osasuna,Espanol,1,0,2,0,5,7,7,1.0,1.6
2627,SP1,2026-09-16,Osasuna,Ath Madrid,0,0,4,0,6,7,6,1.0,2.4
2627,SP1,2026-08-22,Real Madrid,Espanol,0,2,1,3,1,3,3,2.0,1.0
2627,SP1,2026-08-26,Real Madrid,Sociedad,1,4,1,3,2,6,6,3.0,1.0
2627,SP1,2026-08-30,Real Madrid,Malaga,1,4,0,3,3,9,9,3.3333333333333335,0.6666666666666666
2627,SP1,2026-09-04,Real Madrid,Betis,0,0,1,0,4,9,9,2.5,0.75
2627,SP1,2026-09-12,Real Madrid,Vallecano,1,4,1,3,5,12,12,2.8,0.8
2627,SP1,2026-09-15,Real Madrid,Elche,0,3,2,3,6,15,12,3.0,1.0
2627,SP1,2026-08-16,Santander,Villarreal,1,2,2,1,1,1,1,2.0,2.0
2627,SP1,2026-08-23,Santander,Getafe,0,0,1,0,2,1,1,1.0,1.5
2627,SP1,2026-08-28,Santander,Elche,1,3,2,3,3,4,4,1.6666666666666667,1.6666666666666667
2627,SP1,2026-09-05,Santander,Vallecano,0,2,3,0,4,4,4,1.75,2.0
2627,SP1,2026-09-12,Santander,Alaves,1,2,1,3,5,7,7,1.8,1.8
2627,SP1,2026-09-16,Santander,Barcelona,0,2,7,0,6,7,6,1.8,2.8
2627,SP1,2026-08-15,Sevilla,Vallecano,1,2,1,3,1,3,3,2.0,1.0
2627,SP1,2026-08-22,Sevilla,Ath Bilbao,0,3,1,3,2,6,6,2.5,1.0
2627,SP1,2026-08-29,Sevilla,Ath Madrid,1,1,3,0,3,6,6,2.0,1.6666666666666667
2627,SP1,2026-09-06,Sevilla,Espanol,0,1,1,1,4,7,7,1.75,1.5
2627,SP1,2026-09-11,Sevilla,Valencia,1,1,0,3,5,10,10,1.6,1.2
2627,SP1,2026-09-16,Sevilla,La Coruna,0,1,0,3,6,13,10,1.4,1.0
2627,SP1,2026-08-21,Sociedad,Betis,0,0,1,0,1,0,0,0.0,1.0
2627,SP1,2026-08-26,Sociedad,Real Madrid,0,1,4,0,2,0,0,0.5,2.5
2627,SP1,2026-08-29,Sociedad,Espanol,1,2,1,3,3,3,3,1.0,2.0
2627,SP1,2026-09-03,Sociedad,Celta,1,0,0,1,4,4,4,0.75,1.5
2627,SP1,2026-09-07,Sociedad,Elche,0,3,2,3,5,7,7,1.2,1.6
2627,SP1,2026-09-13,Sociedad,Ath Madrid,1,0,3,0,6,7,7,1.2,2.0
2627,SP1,2026-08-22,Valencia,Celta,1,0,0,1,1,1,1,0.0,0.0
2627,SP1,2026-08-25,Valencia,Betis,1,0,1,0,2,1,1,0.0,0.5
2627,SP1,2026-08-30,Valencia,La Coruna,0,1,3,0,3,1,1,0.3333333333333333,1.3333333333333333
2627,SP1,2026-09-06,Valencia,Barcelona,1,0,5,0,4,1,1,0.25,2.25
2627,SP1,2026-09-11,Valencia,Sevilla,0,0,1,0,5,1,1,0.2,2.0
2627,SP1,2026-09-15,Valencia,Alaves,0,1,0,3,6,4,3,0.4,2.0
2627,SP1,2026-08-15,Vallecano,Sevilla,0,1,2,0,1,0,0,1.0,2.0
2627,SP1,2026-08-20,Vallecano,Alaves,1,1,1,1,2,1,1,1.0,1.5
2627,SP1,2026-08-31,Vallecano,Barcelona,0,2,5,0,3,1,1,1.3333333333333333,2.6666666666666665
2627,SP1,2026-09-05,Vallecano,Santander,1,3,2,3,4,4,4,1.75,2.5
2627,SP1,2026-09-12,Vallecano,Real Madrid,0,1,4,0,5,4,4,1.6,2.8
2627,SP1,2026-09-15,Vallecano,Espanol,1,2,1,3,6,7,7,1.8,2.6
2627,SP1,2026-08-16,Villarreal,Santander,0,2,2,1,1,1,1,2.0,2.0
2627,SP1,2026-08-23,Villarreal,Ath Madrid,0,2,2,1,2,2,2,2.0,2.0
2627,SP1,2026-08-28,Villarreal,Alaves,0,0,1,0,3,2,2,1.3333333333333333,1.6666666666666667
2627,SP1,2026-09-05,Villarreal,La Coruna,1,2,3,0,4,2,2,1.5,2.0
2627,SP1,2026-09-14,Villarreal,Betis,1,1,2,0,5,2,2,1.4,2.0
2627,SP1,2026-09-17,Villarreal,Malaga,0,3,1,3,6,5,4,1.6,1.8
